,title,url
0,地方病 (日本住血吸虫症),https://ja.wikipedia.org/wiki/%E5%9C%B0%E6%96%B9%E7%97%85_(%E6%97%A5%E6%9C%AC%E4%BD%8F%E8%A1%80%E5%90%B8%E8%99%AB%E7%97%87)
1,三毛別羆事件,https://ja.wikipedia.org/wiki/%E4%B8%89%E6%AF%9B%E5%88%A5%E7%BE%86%E4%BA%8B%E4%BB%B6
2,八甲田雪中行軍遭難事件,https://ja.wikipedia.org/wiki/%E5%85%AB%E7%94%B2%E7%94%B0%E9%9B%AA%E4%B8%AD%E8%A1%8C%E8%BB%8D%E9%81%AD%E9%9B%A3%E4%BA%8B%E4%BB%B6
3,俺の尻をなめろ,https://ja.wikipedia.org/wiki/%E4%BF%BA%E3%81%AE%E5%B0%BB%E3%82%92%E3%81%AA%E3%82%81%E3%82%8D
4,ロシア的倒置法,https://ja.wikipedia.org/wiki/%E3%83%AD%E3%82%B7%E3%82%A2%E7%9A%84%E5%80%92%E7%BD%AE%E6%B3%95
5,世界で一番笑えるジョーク,https://ja.wikipedia.org/wiki/%E4%B8%96%E7%95%8C%E3%81%A7%E4%B8%80%E7%95%AA%E7%AC%91%E3%81%88%E3%82%8B%E3%82%B8%E3%83%A7%E3%83%BC%E3%82%AF
6,沢田マンション,https://ja.wikipedia.org/wiki/%E6%B2%A2%E7%94%B0%E3%83%9E%E3%83%B3%E3%82%B7%E3%83%A7%E3%83%B3
7,ヒトラー女性化計画,https://ja.wikipedia.org/wiki/%E3%83%92%E3%83%88%E3%83%A9%E3%83%BC%E5%A5%B3%E6%80%A7%E5%8C%96%E8%A8%88%E7%94%BB
8,坂上田村麻呂黒人説,https://ja.wikipedia.org/wiki/%E5%9D%82%E4%B8%8A%E7%94%B0%E6%9D%91%E9%BA%BB%E5%91%82%E9%BB%92%E4%BA%BA%E8%AA%AC
9,放屁師,https://ja.wikipedia.org/wiki/%E6%94%BE%E5%B1%81%E5%B8%AB
10,庭園隠者,https://ja.wikipedia.org/wiki/%E5%BA%AD%E5%9C%92%E9%9A%A0%E8%80%85
11,ロマ,https://ja.wikipedia.org/wiki/%E3%83%AD%E3%83%9E
12,5秒ルール,https://ja.wikipedia.org/wiki/5%E7%A7%92%E3%83%AB%E3%83%BC%E3%83%AB
13,ヌル島,https://ja.wikipedia.org/wiki/%E3%83%8C%E3%83%AB%E5%B3%B6
14,役に立たない機械,https://ja.wikipedia.org/wiki/%E5%BD%B9%E3%81%AB%E7%AB%8B%E3%81%9F%E3%81%AA%E3%81%84%E6%A9%9F%E6%A2%B0
15,ハンガリー人宇宙人説,https://ja.wikipedia.org/wiki/%E3%83%8F%E3%83%B3%E3%82%AC%E3%83%AA%E3%83%BC%E4%BA%BA%E5%AE%87%E5%AE%99%E4%BA%BA%E8%AA%AC
16,モービル天ぷら,https://ja.wikipedia.org/wiki/%E3%83%A2%E3%83%BC%E3%83%93%E3%83%AB%E5%A4%A9%E3%81%B7%E3%82%89
17,アーグルトン,https://ja.wikipedia.org/wiki/%E3%82%A2%E3%83%BC%E3%82%B0%E3%83%AB%E3%83%88%E3%83%B3
18,ニカラグア手話,https://ja.wikipedia.org/wiki/%E3%83%8B%E3%82%AB%E3%83%A9%E3%82%B0%E3%82%A2%E6%89%8B%E8%A9%B1
19,ナウル共和国,https://ja.wikipedia.org/wiki/%E3%83%8A%E3%82%A6%E3%83%AB
20,オダギリ効果,https://ja.wikipedia.org/wiki/%E3%82%AA%E3%83%80%E3%82%AE%E3%83%AA%E5%8A%B9%E6%9E%9C
21,志布志町志布志,https://ja.wikipedia.org/wiki/%E5%BF%97%E5%B8%83%E5%BF%97%E7%94%BA%E5%BF%97%E5%B8%83%E5%BF%97
22,ghoti,https://ja.wikipedia.org/wiki/Ghoti
23,Buffalo buffalo Buffalo buffalo buffalo buffalo Buffalo buffalo.,https://ja.wikipedia.org/wiki/Buffalo_buffalo_Buffalo_buffalo_buffalo_buffalo_Buffalo_buffalo
24,長大語,https://ja.wikipedia.org/wiki/%E9%95%B7%E5%A4%A7%E8%AA%9E
25,幽霊文字,https://ja.wikipedia.org/wiki/%E5%B9%BD%E9%9C%8A%E6%96%87%E5%AD%97
26,空飛ぶスパゲッティ・モンスター教,https://ja.wikipedia.org/wiki/%E7%A9%BA%E9%A3%9B%E3%81%B6%E3%82%B9%E3%83%91%E3%82%B2%E3%83%83%E3%83%86%E3%82%A3%E3%83%BB%E3%83%A2%E3%83%B3%E3%82%B9%E3%82%BF%E3%83%BC%E6%95%99
27,見えざるピンクのユニコーン,https://ja.wikipedia.org/wiki/%E8%A6%8B%E3%81%88%E3%81%96%E3%82%8B%E3%83%94%E3%83%B3%E3%82%AF%E3%81%AE%E3%83%A6%E3%83%8B%E3%82%B3%E3%83%BC%E3%83%B3
28,絶叫する60度,https://ja.wikipedia.org/wiki/%E7%B5%B6%E5%8F%AB%E3%81%99%E3%82%8B60%E5%BA%A6
29,パウリ効果,https://ja.wikipedia.org/wiki/%E3%83%91%E3%82%A6%E3%83%AA%E5%8A%B9%E6%9E%9C
30,パングラム,https://ja.wikipedia.org/wiki/%E3%83%91%E3%83%B3%E3%82%B0%E3%83%A9%E3%83%A0
31,トイレットペーパーの向き,https://ja.wikipedia.org/wiki/%E3%83%88%E3%82%A4%E3%83%AC%E3%83%83%E3%83%88%E3%83%9A%E3%83%BC%E3%83%91%E3%83%BC%E3%81%AE%E5%90%91%E3%81%8D
32,鶏肉みたいな味,https://ja.wikipedia.org/wiki/%E9%B6%8F%E8%82%89%E3%81%BF%E3%81%9F%E3%81%84%E3%81%AA%E5%91%B3
33,青木まりこ現象,https://ja.wikipedia.org/wiki/%E9%9D%92%E6%9C%A8%E3%81%BE%E3%82%8A%E3%81%93%E7%8F%BE%E8%B1%A1
34,バッドアート美術館,https://ja.wikipedia.org/wiki/%E3%83%90%E3%83%83%E3%83%89%E3%82%A2%E3%83%BC%E3%83%88%E7%BE%8E%E8%A1%93%E9%A4%A8
35,ビデオゲームの墓場,https://ja.wikipedia.org/wiki/%E3%83%93%E3%83%87%E3%82%AA%E3%82%B2%E3%83%BC%E3%83%A0%E3%81%AE%E5%A2%93%E5%A0%B4
36,アメリカ映画の名セリフベスト100,https://ja.wikipedia.org/wiki/%E3%82%A2%E3%83%A1%E3%83%AA%E3%82%AB%E6%98%A0%E7%94%BB%E3%81%AE%E5%90%8D%E3%82%BB%E3%83%AA%E3%83%95%E3%83%99%E3%82%B9%E3%83%88100
37,日本一の一覧,https://ja.wikipedia.org/wiki/%E6%97%A5%E6%9C%AC%E4%B8%80%E3%81%AE%E4%B8%80%E8%A6%A7
38,珍項目,https://ja.wikipedia.org/wiki/Wikipedia:%E7%8F%8D%E9%A0%85%E7%9B%AE
39,ココナッツによる死,https://ja.wikipedia.org/wiki/%E3%82%B3%E3%82%B3%E3%83%8A%E3%83%83%E3%83%84%E3%81%AB%E3%82%88%E3%82%8B%E6%AD%BB
40,自分の発明で死亡した発明家の一覧,https://ja.wikipedia.org/wiki/%E8%87%AA%E5%88%86%E3%81%AE%E7%99%BA%E6%98%8E%E3%81%A7%E6%AD%BB%E4%BA%A1%E3%81%97%E3%81%9F%E7%99%BA%E6%98%8E%E5%AE%B6%E3%81%AE%E4%B8%80%E8%A6%A7
41,珍しい死の一覧,https://ja.wikipedia.org/wiki/%E7%8F%8D%E3%81%97%E3%81%84%E6%AD%BB%E3%81%AE%E4%B8%80%E8%A6%A7
42,イグノーベル賞受賞者の一覧,https://ja.wikipedia.org/wiki/%E3%82%A4%E3%82%B0%E3%83%8E%E3%83%BC%E3%83%99%E3%83%AB%E8%B3%9E%E5%8F%97%E8%B3%9E%E8%80%85%E3%81%AE%E4%B8%80%E8%A6%A7
43,世界一の一覧,https://ja.wikipedia.org/wiki/%E4%B8%96%E7%95%8C%E4%B8%80%E3%81%AE%E4%B8%80%E8%A6%A7
44,長いページ,https://ja.wikipedia.org/wiki/%E7%89%B9%E5%88%A5:%E9%95%B7%E3%81%84%E3%83%9A%E3%83%BC%E3%82%B8
45,三億円事件,https://ja.wikipedia.org/wiki/%E4%B8%89%E5%84%84%E5%86%86%E4%BA%8B%E4%BB%B6
46,アナタハンの女王事件,https://ja.wikipedia.org/wiki/%E3%82%A2%E3%83%8A%E3%82%BF%E3%83%8F%E3%83%B3%E3%81%AE%E5%A5%B3%E7%8E%8B%E4%BA%8B%E4%BB%B6
47,ディアトロフ峠事件,https://ja.wikipedia.org/wiki/%E3%83%87%E3%82%A3%E3%82%A2%E3%83%88%E3%83%AD%E3%83%95%E5%B3%A0%E4%BA%8B%E4%BB%B6
48,ドナー隊,https://ja.wikipedia.org/wiki/%E3%83%89%E3%83%8A%E3%83%BC%E9%9A%8A
49,D.B.クーパー事件,https://ja.wikipedia.org/wiki/D.B.%E3%82%AF%E3%83%BC%E3%83%91%E3%83%BC%E4%BA%8B%E4%BB%B6
50,ジョルジェ・マルティノヴィッチ事件,https://ja.wikipedia.org/wiki/%E3%82%B8%E3%83%A7%E3%83%AB%E3%82%B8%E3%82%A7%E3%83%BB%E3%83%9E%E3%83%AB%E3%83%86%E3%82%A3%E3%83%8E%E3%83%B4%E3%82%A3%E3%83%83%E3%83%81%E4%BA%8B%E4%BB%B6
51,切り裂きジャック,https://ja.wikipedia.org/wiki/%E5%88%87%E3%82%8A%E8%A3%82%E3%81%8D%E3%82%B8%E3%83%A3%E3%83%83%E3%82%AF
52,広島護送死刑囚脱獄事件,https://ja.wikipedia.org/wiki/%E5%BA%83%E5%B3%B6%E8%AD%B7%E9%80%81%E6%AD%BB%E5%88%91%E5%9B%9A%E8%84%B1%E7%8D%84%E4%BA%8B%E4%BB%B6
53,ツァボの人食いライオン,https://ja.wikipedia.org/wiki/%E3%83%84%E3%82%A1%E3%83%9C%E3%81%AE%E4%BA%BA%E9%A3%9F%E3%81%84%E3%83%A9%E3%82%A4%E3%82%AA%E3%83%B3
54,未解決事件,https://ja.wikipedia.org/wiki/%E6%9C%AA%E8%A7%A3%E6%B1%BA%E4%BA%8B%E4%BB%B6
55,人によって引き起こされた核爆発以外の大爆発一覧,https://ja.wikipedia.org/wiki/%E4%BA%BA%E3%81%AB%E3%82%88%E3%81%A3%E3%81%A6%E5%BC%95%E3%81%8D%E8%B5%B7%E3%81%93%E3%81%95%E3%82%8C%E3%81%9F%E6%A0%B8%E7%88%86%E7%99%BA%E4%BB%A5%E5%A4%96%E3%81%AE%E5%A4%A7%E7%88%86%E7%99%BA%E4%B8%80%E8%A6%A7
56,鉄道事故,https://ja.wikipedia.org/wiki/%E9%89%84%E9%81%93%E4%BA%8B%E6%95%85
57,航空事故の一覧,https://ja.wikipedia.org/wiki/%E8%88%AA%E7%A9%BA%E4%BA%8B%E6%95%85%E3%81%AE%E4%B8%80%E8%A6%A7
58,ジョン万次郎,https://ja.wikipedia.org/wiki/%E3%82%B8%E3%83%A7%E3%83%B3%E4%B8%87%E6%AC%A1%E9%83%8E
59,舩坂 弘,https://ja.wikipedia.org/wiki/%E8%88%A9%E5%9D%82%E5%BC%98
60,シモ・ヘイヘ,https://ja.wikipedia.org/wiki/%E3%82%B7%E3%83%A2%E3%83%BB%E3%83%98%E3%82%A4%E3%83%98
61,ハンス・ウルリッヒ・ルーデル,https://ja.wikipedia.org/wiki/%E3%83%8F%E3%83%B3%E3%82%B9%E3%83%BB%E3%82%A6%E3%83%AB%E3%83%AA%E3%83%83%E3%83%92%E3%83%BB%E3%83%AB%E3%83%BC%E3%83%87%E3%83%AB
62,ジョン・フォン・ノイマン,https://ja.wikipedia.org/wiki/%E3%82%B8%E3%83%A7%E3%83%B3%E3%83%BB%E3%83%95%E3%82%A9%E3%83%B3%E3%83%BB%E3%83%8E%E3%82%A4%E3%83%9E%E3%83%B3
63,シュリニヴァーサ・ラマヌジャン,https://ja.wikipedia.org/wiki/%E3%82%B7%E3%83%A5%E3%83%AA%E3%83%8B%E3%83%B4%E3%82%A1%E3%83%BC%E3%82%B5%E3%83%BB%E3%83%A9%E3%83%9E%E3%83%8C%E3%82%B8%E3%83%A3%E3%83%B3
64,ウィリアム・ジェイムズ・サイディズ ,https://ja.wikipedia.org/wiki/%E3%82%A6%E3%82%A3%E3%83%AA%E3%82%A2%E3%83%A0%E3%83%BB%E3%82%B8%E3%82%A7%E3%82%A4%E3%83%A0%E3%82%BA%E3%83%BB%E3%82%B5%E3%82%A4%E3%83%87%E3%82%A3%E3%82%BA
65,ヒュパティア,https://ja.wikipedia.org/wiki/%E3%83%92%E3%83%A5%E3%83%91%E3%83%86%E3%82%A3%E3%82%A2
66,キャリー・A・ネイション,https://ja.wikipedia.org/wiki/%E3%82%AD%E3%83%A3%E3%83%AA%E3%83%BC%E3%83%BB%E3%83%8D%E3%82%A4%E3%82%B7%E3%83%A7%E3%83%B3
67,アシュリタ・ファーマン,https://ja.wikipedia.org/wiki/%E3%82%A2%E3%82%B7%E3%83%A5%E3%83%AA%E3%82%BF%E3%83%BB%E3%83%95%E3%82%A1%E3%83%BC%E3%83%9E%E3%83%B3
68,カルロス・カイザー,https://ja.wikipedia.org/wiki/%E3%82%AB%E3%83%AB%E3%83%AD%E3%82%B9%E3%83%BB%E3%82%AB%E3%82%A4%E3%82%B6%E3%83%BC
69,ジョン・タイター,https://ja.wikipedia.org/wiki/%E3%82%B8%E3%83%A7%E3%83%B3%E3%83%BB%E3%82%BF%E3%82%A4%E3%82%BF%E3%83%BC
70,サンジェルマン伯爵,https://ja.wikipedia.org/wiki/%E3%82%B5%E3%83%B3%E3%82%B8%E3%82%A7%E3%83%AB%E3%83%9E%E3%83%B3%E4%BC%AF%E7%88%B5
71,ヴォイニッチ手稿,https://ja.wikipedia.org/wiki/%E3%83%B4%E3%82%A9%E3%82%A4%E3%83%8B%E3%83%83%E3%83%81%E6%89%8B%E7%A8%BF
72,フリーメイソン,https://ja.wikipedia.org/wiki/%E3%83%95%E3%83%AA%E3%83%BC%E3%83%A1%E3%82%A4%E3%82%BD%E3%83%B3
73,メアリー・セレスト,https://ja.wikipedia.org/wiki/%E3%83%A1%E3%82%A2%E3%83%AA%E3%83%BC%E3%83%BB%E3%82%BB%E3%83%AC%E3%82%B9%E3%83%88
74,ロズウェル事件,https://ja.wikipedia.org/wiki/%E3%83%AD%E3%82%BA%E3%82%A6%E3%82%A7%E3%83%AB%E4%BA%8B%E4%BB%B6
75,フィラデルフィア計画,https://ja.wikipedia.org/wiki/%E3%83%95%E3%82%A3%E3%83%A9%E3%83%87%E3%83%AB%E3%83%95%E3%82%A3%E3%82%A2%E8%A8%88%E7%94%BB
76,南極のニンゲン,https://ja.wikipedia.org/wiki/%E5%8D%97%E6%A5%B5%E3%81%AE%E3%83%8B%E3%83%B3%E3%82%B2%E3%83%B3
77,ブラックナイト衛星,https://ja.wikipedia.org/wiki/%E3%83%96%E3%83%A9%E3%83%83%E3%82%AF%E3%83%8A%E3%82%A4%E3%83%88%E8%A1%9B%E6%98%9F
78,マンデラ効果,https://ja.wikipedia.org/wiki/%E3%83%9E%E3%83%B3%E3%83%87%E3%83%A9%E5%8A%B9%E6%9E%9C
79,セイリッシュ海における人間の足の発見,https://ja.wikipedia.org/wiki/%E3%82%BB%E3%82%A4%E3%83%AA%E3%83%83%E3%82%B7%E3%83%A5%E6%B5%B7%E3%81%AB%E3%81%8A%E3%81%91%E3%82%8B%E4%BA%BA%E9%96%93%E3%81%AE%E8%B6%B3%E3%81%AE%E7%99%BA%E8%A6%8B
80,オーパーツ,https://ja.wikipedia.org/wiki/%E3%82%AA%E3%83%BC%E3%83%91%E3%83%BC%E3%83%84
81,ファティマの聖母,https://ja.wikipedia.org/wiki/%E3%83%95%E3%82%A1%E3%83%86%E3%82%A3%E3%83%9E%E3%81%AE%E8%81%96%E6%AF%8D
82,MKウルトラ計画,https://ja.wikipedia.org/wiki/MK%E3%82%A6%E3%83%AB%E3%83%88%E3%83%A9%E8%A8%88%E7%94%BB
83,セントラリア (ペンシルベニア州),https://ja.wikipedia.org/wiki/%E3%82%BB%E3%83%B3%E3%83%88%E3%83%A9%E3%83%AA%E3%82%A2_(%E3%83%9A%E3%83%B3%E3%82%B7%E3%83%AB%E3%83%99%E3%83%8B%E3%82%A2%E5%B7%9E)
84,八丈小島のマレー糸状虫症,https://ja.wikipedia.org/wiki/%E5%85%AB%E4%B8%88%E5%B0%8F%E5%B3%B6%E3%81%AE%E3%83%9E%E3%83%AC%E3%83%BC%E7%B3%B8%E7%8A%B6%E8%99%AB%E7%97%87
85,アフリカ睡眠病,https://ja.wikipedia.org/wiki/%E3%82%A2%E3%83%95%E3%83%AA%E3%82%AB%E7%9D%A1%E7%9C%A0%E7%97%85
86,首なし鶏マイク,https://ja.wikipedia.org/wiki/%E9%A6%96%E3%81%AA%E3%81%97%E9%B6%8F%E3%83%9E%E3%82%A4%E3%82%AF
87,ケーララの赤い雨 ,https://ja.wikipedia.org/wiki/%E3%82%B1%E3%83%BC%E3%83%A9%E3%83%A9%E3%81%AE%E8%B5%A4%E3%81%84%E9%9B%A8
88,呪殺祈祷僧団,https://ja.wikipedia.org/wiki/%E5%91%AA%E6%AE%BA%E7%A5%88%E7%A5%B7%E5%83%A7%E5%9B%A3
89,モンゴリアン・デス・ワーム,https://ja.wikipedia.org/wiki/%E3%83%A2%E3%83%B3%E3%82%B4%E3%83%AA%E3%82%A2%E3%83%B3%E3%83%BB%E3%83%87%E3%82%B9%E3%83%BB%E3%83%AF%E3%83%BC%E3%83%A0
90,伝説の生物一覧,https://ja.wikipedia.org/wiki/%E4%BC%9D%E8%AA%AC%E3%81%AE%E7%94%9F%E7%89%A9%E4%B8%80%E8%A6%A7
91,架空のものの一覧の一覧,https://ja.wikipedia.org/wiki/%E6%9E%B6%E7%A9%BA%E3%81%AE%E3%82%82%E3%81%AE%E3%81%AE%E4%B8%80%E8%A6%A7%E3%81%AE%E4%B8%80%E8%A6%A7
92,デーモン・コア,https://ja.wikipedia.org/wiki/%E3%83%87%E3%83%BC%E3%83%A2%E3%83%B3%E3%83%BB%E3%82%B3%E3%82%A2
93,オクロの天然原子炉,https://ja.wikipedia.org/wiki/%E3%82%AA%E3%82%AF%E3%83%AD%E3%81%AE%E5%A4%A9%E7%84%B6%E5%8E%9F%E5%AD%90%E7%82%89
94,カサンドラ症候群,https://ja.wikipedia.org/wiki/%E3%82%AB%E3%82%B5%E3%83%B3%E3%83%89%E3%83%A9%E7%97%87%E5%80%99%E7%BE%A4
95,ダニング＝クルーガー効果,https://ja.wikipedia.org/wiki/%E3%83%80%E3%83%8B%E3%83%B3%E3%82%B0%EF%BC%9D%E3%82%AF%E3%83%AB%E3%83%BC%E3%82%AC%E3%83%BC%E5%8A%B9%E6%9E%9C
96,違法素数,https://ja.wikipedia.org/wiki/%E9%81%95%E6%B3%95%E7%B4%A0%E6%95%B0
97,矛盾脱衣,https://ja.wikipedia.org/wiki/%E7%9F%9B%E7%9B%BE%E8%84%B1%E8%A1%A3
98,根本的な帰属の誤り,https://ja.wikipedia.org/wiki/%E6%A0%B9%E6%9C%AC%E7%9A%84%E3%81%AA%E5%B8%B0%E5%B1%9E%E3%81%AE%E8%AA%A4%E3%82%8A
99,秘書問題,https://ja.wikipedia.org/wiki/%E7%A7%98%E6%9B%B8%E5%95%8F%E9%A1%8C
100,スタンフォード監獄実験,https://ja.wikipedia.org/wiki/%E3%82%B9%E3%82%BF%E3%83%B3%E3%83%95%E3%82%A9%E3%83%BC%E3%83%89%E7%9B%A3%E7%8D%84%E5%AE%9F%E9%A8%93
101,ミルグラム実験,https://ja.wikipedia.org/wiki/%E3%83%9F%E3%83%AB%E3%82%B0%E3%83%A9%E3%83%A0%E5%AE%9F%E9%A8%93
102,ストライサンド効果,https://ja.wikipedia.org/wiki/%E3%82%B9%E3%83%88%E3%83%A9%E3%82%A4%E3%82%B5%E3%83%B3%E3%83%89%E5%8A%B9%E6%9E%9C
103,レモン市場,https://ja.wikipedia.org/wiki/%E3%83%AC%E3%83%A2%E3%83%B3%E5%B8%82%E5%A0%B4
104,認知的不協和,https://ja.wikipedia.org/wiki/%E8%AA%8D%E7%9F%A5%E7%9A%84%E4%B8%8D%E5%8D%94%E5%92%8C
105,シュレーディンガーの猫,https://ja.wikipedia.org/wiki/%E3%82%B7%E3%83%A5%E3%83%AC%E3%83%BC%E3%83%87%E3%82%A3%E3%83%B3%E3%82%AC%E3%83%BC%E3%81%AE%E7%8C%AB
106,皇居の生物相,https://ja.wikipedia.org/wiki/%E7%9A%87%E5%B1%85%E3%81%AE%E7%94%9F%E7%89%A9%E7%9B%B8
107,トバ・カタストロフ理論,https://ja.wikipedia.org/wiki/%E3%83%88%E3%83%90%E3%83%BB%E3%82%AB%E3%82%BF%E3%82%B9%E3%83%88%E3%83%AD%E3%83%95%E7%90%86%E8%AB%96
108,ソファ問題 ,https://ja.wikipedia.org/wiki/%E3%82%BD%E3%83%95%E3%82%A1%E5%95%8F%E9%A1%8C
109,六万五千五百三十七角形,https://ja.wikipedia.org/wiki/%E5%85%AD%E4%B8%87%E4%BA%94%E5%8D%83%E4%BA%94%E7%99%BE%E4%B8%89%E5%8D%81%E4%B8%83%E8%A7%92%E5%BD%A2
110,巨大数,https://ja.wikipedia.org/wiki/%E5%B7%A8%E5%A4%A7%E6%95%B0
111,ピーターの法則,https://ja.wikipedia.org/wiki/%E3%83%94%E3%83%BC%E3%82%BF%E3%83%BC%E3%81%AE%E6%B3%95%E5%89%87
112,バーナム効果,https://ja.wikipedia.org/wiki/%E3%83%90%E3%83%BC%E3%83%8A%E3%83%A0%E5%8A%B9%E6%9E%9C
113,先延ばし,https://ja.wikipedia.org/wiki/%E5%85%88%E5%BB%B6%E3%81%B0%E3%81%97
114,ポーの法則,https://ja.wikipedia.org/wiki/%E3%83%9D%E3%83%BC%E3%81%AE%E6%B3%95%E5%89%87
115,パーキンソンの凡俗法則,https://ja.wikipedia.org/wiki/%E3%83%91%E3%83%BC%E3%82%AD%E3%83%B3%E3%82%BD%E3%83%B3%E3%81%AE%E5%87%A1%E4%BF%97%E6%B3%95%E5%89%87
116,公正世界仮説,https://ja.wikipedia.org/wiki/%E5%85%AC%E6%AD%A3%E4%B8%96%E7%95%8C%E4%BB%AE%E8%AA%AC
117,宇宙の終焉,https://ja.wikipedia.org/wiki/%E5%AE%87%E5%AE%99%E3%81%AE%E7%B5%82%E7%84%89
118,月の海,https://ja.wikipedia.org/wiki/%E6%9C%88%E3%81%AE%E6%B5%B7
119,パンとサーカス,https://ja.wikipedia.org/wiki/%E3%83%91%E3%83%B3%E3%81%A8%E3%82%B5%E3%83%BC%E3%82%AB%E3%82%B9
120,芽殖孤虫,https://ja.wikipedia.org/wiki/%E8%8A%BD%E6%AE%96%E5%AD%A4%E8%99%AB
121,レトロニム一覧,https://ja.wikipedia.org/wiki/%E3%83%AC%E3%83%88%E3%83%AD%E3%83%8B%E3%83%A0%E4%B8%80%E8%A6%A7
122,世界の侵略的外来種ワースト100,https://ja.wikipedia.org/wiki/%E4%B8%96%E7%95%8C%E3%81%AE%E4%BE%B5%E7%95%A5%E7%9A%84%E5%A4%96%E6%9D%A5%E7%A8%AE%E3%83%AF%E3%83%BC%E3%82%B9%E3%83%88100
123,日本語の起源,https://ja.wikipedia.org/wiki/%E6%97%A5%E6%9C%AC%E8%AA%9E%E3%81%AE%E8%B5%B7%E6%BA%90
124,なぜ何もないのではなく、何かがあるのか,https://ja.wikipedia.org/wiki/%E3%81%AA%E3%81%9C%E4%BD%95%E3%82%82%E3%81%AA%E3%81%84%E3%81%AE%E3%81%A7%E3%81%AF%E3%81%AA%E3%81%8F%E3%80%81%E4%BD%95%E3%81%8B%E3%81%8C%E3%81%82%E3%82%8B%E3%81%AE%E3%81%8B
125,なぜ私は私なのか,https://ja.wikipedia.org/wiki/%E3%81%AA%E3%81%9C%E7%A7%81%E3%81%AF%E7%A7%81%E3%81%AA%E3%81%AE%E3%81%8B
126,世界五分前仮説,https://ja.wikipedia.org/wiki/%E4%B8%96%E7%95%8C%E4%BA%94%E5%88%86%E5%89%8D%E4%BB%AE%E8%AA%AC
127,無限の猿定理,https://ja.wikipedia.org/wiki/%E7%84%A1%E9%99%90%E3%81%AE%E7%8C%BF%E5%AE%9A%E7%90%86
128,シミュレーション仮説,https://ja.wikipedia.org/wiki/%E3%82%B7%E3%83%9F%E3%83%A5%E3%83%AC%E3%83%BC%E3%82%B7%E3%83%A7%E3%83%B3%E4%BB%AE%E8%AA%AC
129,ゼノンのパラドックス,https://ja.wikipedia.org/wiki/%E3%82%BC%E3%83%8E%E3%83%B3%E3%81%AE%E3%83%91%E3%83%A9%E3%83%89%E3%83%83%E3%82%AF%E3%82%B9
130,双子のパラドックス,https://ja.wikipedia.org/wiki/%E5%8F%8C%E5%AD%90%E3%81%AE%E3%83%91%E3%83%A9%E3%83%89%E3%83%83%E3%82%AF%E3%82%B9
131,モンティ・ホール問題,https://ja.wikipedia.org/wiki/%E3%83%A2%E3%83%B3%E3%83%86%E3%82%A3%E3%83%BB%E3%83%9B%E3%83%BC%E3%83%AB%E5%95%8F%E9%A1%8C
132,オルバースのパラドックス,https://ja.wikipedia.org/wiki/%E3%82%AA%E3%83%AB%E3%83%90%E3%83%BC%E3%82%B9%E3%81%AE%E3%83%91%E3%83%A9%E3%83%89%E3%83%83%E3%82%AF%E3%82%B9
133,新幹線不在仮定,https://ja.wikipedia.org/wiki/%E6%96%B0%E5%B9%B9%E7%B7%9A%E4%B8%8D%E5%9C%A8%E4%BB%AE%E5%AE%9A
134,テセウスの船,https://ja.wikipedia.org/wiki/%E3%83%86%E3%82%BB%E3%82%A6%E3%82%B9%E3%81%AE%E8%88%B9
135,中国脳,https://ja.wikipedia.org/wiki/%E4%B8%AD%E5%9B%BD%E8%84%B3
136,オッカムの剃刀,https://ja.wikipedia.org/wiki/%E3%82%AA%E3%83%83%E3%82%AB%E3%83%A0%E3%81%AE%E5%89%83%E5%88%80
137,愛,https://ja.wikipedia.org/wiki/%E6%84%9B
138,死,https://ja.wikipedia.org/wiki/%E6%AD%BB
139,0ルピー紙幣,https://ja.wikipedia.org/wiki/0%E3%83%AB%E3%83%94%E3%83%BC%E7%B4%99%E5%B9%A3
140,0.999...,https://ja.wikipedia.org/wiki/0.999...
141,100年電球,https://ja.wikipedia.org/wiki/100%E5%B9%B4%E9%9B%BB%E7%90%83
142,11千年紀以降,https://ja.wikipedia.org/wiki/11%E5%8D%83%E5%B9%B4%E7%B4%80%E4%BB%A5%E9%99%8D
143,1956年メルボルンオリンピックのニセ聖火リレー事件,https://ja.wikipedia.org/wiki/1956%E5%B9%B4%E3%83%A1%E3%83%AB%E3%83%9C%E3%83%AB%E3%83%B3%E3%82%AA%E3%83%AA%E3%83%B3%E3%83%94%E3%83%83%E3%82%AF%E3%81%AE%E3%83%8B%E3%82%BB%E8%81%96%E7%81%AB%E3%83%AA%E3%83%AC%E3%83%BC%E4%BA%8B%E4%BB%B6
144,300ページのiPhone請求書,https://ja.wikipedia.org/wiki/300%E3%83%9A%E3%83%BC%E3%82%B8%E3%81%AEiPhone%E8%AB%8B%E6%B1%82%E6%9B%B8
145,4分33秒,https://ja.wikipedia.org/wiki/4%E5%88%8633%E7%A7%92
146,5秒ルール,https://ja.wikipedia.org/wiki/5%E7%A7%92%E3%83%AB%E3%83%BC%E3%83%AB
147,52ヘルツの鯨,https://ja.wikipedia.org/wiki/52%E3%83%98%E3%83%AB%E3%83%84%E3%81%AE%E9%AF%A8
148,6÷2(1+2),https://ja.wikipedia.org/wiki/6%C3%B72(1%2B2)
149,All your base are belong to us,https://ja.wikipedia.org/wiki/All_your_base_are_belong_to_us
150,ASアデマ 149-0 SOレミルヌ,https://ja.wikipedia.org/wiki/AS%E3%82%A2%E3%83%87%E3%83%9E_149-0_SO%E3%83%AC%E3%83%9F%E3%83%AB%E3%83%8C
151,Brainfuck,https://ja.wikipedia.org/wiki/Brainfuck
152,Buffalo buffalo Buffalo buffalo buffalo buffalo Buffalo buffalo,https://ja.wikipedia.org/wiki/Buffalo_buffalo_Buffalo_buffalo_buffalo_buffalo_Buffalo_buffalo
153,DHMO,https://ja.wikipedia.org/wiki/DHMO
154,DVD探知犬,https://ja.wikipedia.org/wiki/DVD%E6%8E%A2%E7%9F%A5%E7%8A%AC
155,Ghoti,https://ja.wikipedia.org/wiki/Ghoti
156,Hyper Text Coffee Pot Control Protocol,https://ja.wikipedia.org/wiki/Hyper_Text_Coffee_Pot_Control_Protocol
157,I am Error,https://ja.wikipedia.org/wiki/I_am_Error
158,IOCCC,https://ja.wikipedia.org/wiki/IOCCC
159,ISO 3103,https://ja.wikipedia.org/wiki/ISO_3103
160,MTT・タービン・スーパーバイク,https://ja.wikipedia.org/wiki/MTT%E3%83%BB%E3%82%BF%E3%83%BC%E3%83%93%E3%83%B3%E3%83%BB%E3%82%B9%E3%83%BC%E3%83%91%E3%83%BC%E3%83%90%E3%82%A4%E3%82%AF
161,NORADのサンタ追跡,https://ja.wikipedia.org/wiki/NORAD%E3%81%AE%E3%82%B5%E3%83%B3%E3%82%BF%E8%BF%BD%E8%B7%A1
162,P. D. Q. バッハ,https://ja.wikipedia.org/wiki/P._D._Q._%E3%83%90%E3%83%83%E3%83%8F
163,¿Por qué no te callas?,https://ja.wikipedia.org/wiki/%C2%BFPor_qu%C3%A9_no_te_callas%3F
164,qu以外の綴りでqを含む英単語の一覧,https://ja.wikipedia.org/wiki/Qu%E4%BB%A5%E5%A4%96%E3%81%AE%E7%B6%B4%E3%82%8A%E3%81%A7q%E3%82%92%E5%90%AB%E3%82%80%E8%8B%B1%E5%8D%98%E8%AA%9E%E3%81%AE%E4%B8%80%E8%A6%A7
165,Sleepify,https://ja.wikipedia.org/wiki/Sleepify
166,The dress,https://ja.wikipedia.org/wiki/The_dress
167,The Epic Split,https://ja.wikipedia.org/wiki/The_Epic_Split
168,The Million Dollar Homepage,https://ja.wikipedia.org/wiki/The_Million_Dollar_Homepage
169,TKPゲートタワービル,https://ja.wikipedia.org/wiki/TKP%E3%82%B2%E3%83%BC%E3%83%88%E3%82%BF%E3%83%AF%E3%83%BC%E3%83%93%E3%83%AB
170,.tv,https://ja.wikipedia.org/wiki/.tv
171,UVB-76,https://ja.wikipedia.org/wiki/UVB-76
172,WTFPL,https://ja.wikipedia.org/wiki/WTFPL
173,アーグルトン,https://ja.wikipedia.org/wiki/%E3%82%A2%E3%83%BC%E3%82%B0%E3%83%AB%E3%83%88%E3%83%B3
174,アイスランドペニス博物館,https://ja.wikipedia.org/wiki/%E3%82%A2%E3%82%A4%E3%82%B9%E3%83%A9%E3%83%B3%E3%83%89%E3%83%9A%E3%83%8B%E3%82%B9%E5%8D%9A%E7%89%A9%E9%A4%A8
175,アイゼンハワーの木,https://ja.wikipedia.org/wiki/%E3%82%A2%E3%82%A4%E3%82%BC%E3%83%B3%E3%83%8F%E3%83%AF%E3%83%BC%E3%81%AE%E6%9C%A8
176,愛はごみ箱の中に,https://ja.wikipedia.org/wiki/%E6%84%9B%E3%81%AF%E3%81%94%E3%81%BF%E7%AE%B1%E3%81%AE%E4%B8%AD%E3%81%AB
177,青木まりこ現象,https://ja.wikipedia.org/wiki/%E9%9D%92%E6%9C%A8%E3%81%BE%E3%82%8A%E3%81%93%E7%8F%BE%E8%B1%A1
178,アグリー・クリスマス・セーター,https://ja.wikipedia.org/wiki/%E3%82%A2%E3%82%B0%E3%83%AA%E3%83%BC%E3%83%BB%E3%82%AF%E3%83%AA%E3%82%B9%E3%83%9E%E3%82%B9%E3%83%BB%E3%82%BB%E3%83%BC%E3%82%BF%E3%83%BC
179,アグロー,https://ja.wikipedia.org/wiki/%E3%82%A2%E3%82%B0%E3%83%AD%E3%83%BC
180,アコースティック・キティー,https://ja.wikipedia.org/wiki/%E3%82%A2%E3%82%B3%E3%83%BC%E3%82%B9%E3%83%86%E3%82%A3%E3%83%83%E3%82%AF%E3%83%BB%E3%82%AD%E3%83%86%E3%82%A3%E3%83%BC
181,朝倉軌道,https://ja.wikipedia.org/wiki/%E6%9C%9D%E5%80%89%E8%BB%8C%E9%81%93
182,葦原金次郎,https://ja.wikipedia.org/wiki/%E8%91%A6%E5%8E%9F%E9%87%91%E6%AC%A1%E9%83%8E
183,アシュリタ・ファーマン,https://ja.wikipedia.org/wiki/%E3%82%A2%E3%82%B7%E3%83%A5%E3%83%AA%E3%82%BF%E3%83%BB%E3%83%95%E3%82%A1%E3%83%BC%E3%83%9E%E3%83%B3
184,アダム・ライナー,https://ja.wikipedia.org/wiki/%E3%82%A2%E3%83%80%E3%83%A0%E3%83%BB%E3%83%A9%E3%82%A4%E3%83%8A%E3%83%BC
185,阿部寛のホームページ,https://ja.wikipedia.org/wiki/%E9%98%BF%E9%83%A8%E5%AF%9B%E3%81%AE%E3%83%9B%E3%83%BC%E3%83%A0%E3%83%9A%E3%83%BC%E3%82%B8
186,アメリカ合衆国51番目の州,https://ja.wikipedia.org/wiki/%E3%82%A2%E3%83%A1%E3%83%AA%E3%82%AB%E5%90%88%E8%A1%86%E5%9B%BD51%E7%95%AA%E7%9B%AE%E3%81%AE%E5%B7%9E
187,アラン・スミシー,https://ja.wikipedia.org/wiki/%E3%82%A2%E3%83%A9%E3%83%B3%E3%83%BB%E3%82%B9%E3%83%9F%E3%82%B7%E3%83%BC
188,イーナムクロー馬姦事件,https://ja.wikipedia.org/wiki/%E3%82%A4%E3%83%BC%E3%83%8A%E3%83%A0%E3%82%AF%E3%83%AD%E3%83%BC%E9%A6%AC%E5%A7%A6%E4%BA%8B%E4%BB%B6
189,イェヴレのヤギ,https://ja.wikipedia.org/wiki/%E3%82%A4%E3%82%A7%E3%83%B4%E3%83%AC%E3%81%AE%E3%83%A4%E3%82%AE
190,イオンモール高の原,https://ja.wikipedia.org/wiki/%E3%82%A4%E3%82%AA%E3%83%B3%E3%83%A2%E3%83%BC%E3%83%AB%E9%AB%98%E3%81%AE%E5%8E%9F
191,生きている根の橋,https://ja.wikipedia.org/wiki/%E7%94%9F%E3%81%8D%E3%81%A6%E3%81%84%E3%82%8B%E6%A0%B9%E3%81%AE%E6%A9%8B
192,イグノーベル賞受賞者の一覧,https://ja.wikipedia.org/wiki/%E3%82%A4%E3%82%B0%E3%83%8E%E3%83%BC%E3%83%99%E3%83%AB%E8%B3%9E%E5%8F%97%E8%B3%9E%E8%80%85%E3%81%AE%E4%B8%80%E8%A6%A7
193,痛みの基準はハナゲ,https://ja.wikipedia.org/wiki/%E7%97%9B%E3%81%BF%E3%81%AE%E5%9F%BA%E6%BA%96%E3%81%AF%E3%83%8F%E3%83%8A%E3%82%B2
194,違法素数,https://ja.wikipedia.org/wiki/%E9%81%95%E6%B3%95%E7%B4%A0%E6%95%B0
195,いまいち萌えない娘,https://ja.wikipedia.org/wiki/%E3%81%84%E3%81%BE%E3%81%84%E3%81%A1%E8%90%8C%E3%81%88%E3%81%AA%E3%81%84%E5%A8%98
196,イラクのお尋ね者トランプカード,https://ja.wikipedia.org/wiki/%E3%82%A4%E3%83%A9%E3%82%AF%E3%81%AE%E3%81%8A%E5%B0%8B%E3%81%AD%E8%80%85%E3%83%88%E3%83%A9%E3%83%B3%E3%83%97%E3%82%AB%E3%83%BC%E3%83%89
197,インディアナ州円周率法案,https://ja.wikipedia.org/wiki/%E3%82%A4%E3%83%B3%E3%83%87%E3%82%A3%E3%82%A2%E3%83%8A%E5%B7%9E%E5%86%86%E5%91%A8%E7%8E%87%E6%B3%95%E6%A1%88
198,ウイスキー戦争,https://ja.wikipedia.org/wiki/%E3%82%A6%E3%82%A4%E3%82%B9%E3%82%AD%E3%83%BC%E6%88%A6%E4%BA%89
199,ウィンチェスター・ミステリー・ハウス,https://ja.wikipedia.org/wiki/%E3%82%A6%E3%82%A3%E3%83%B3%E3%83%81%E3%82%A7%E3%82%B9%E3%82%BF%E3%83%BC%E3%83%BB%E3%83%9F%E3%82%B9%E3%83%86%E3%83%AA%E3%83%BC%E3%83%BB%E3%83%8F%E3%82%A6%E3%82%B9
200,ウェリントン公爵騎馬像 (グラスゴー),https://ja.wikipedia.org/wiki/%E3%82%A6%E3%82%A7%E3%83%AA%E3%83%B3%E3%83%88%E3%83%B3%E5%85%AC%E7%88%B5%E9%A8%8E%E9%A6%AC%E5%83%8F_(%E3%82%B0%E3%83%A9%E3%82%B9%E3%82%B4%E3%83%BC)
201,ヴォイテク (兵隊クマ),https://ja.wikipedia.org/wiki/%E3%83%B4%E3%82%A9%E3%82%A4%E3%83%86%E3%82%AF_(%E5%85%B5%E9%9A%8A%E3%82%AF%E3%83%9E)
202,ヴォイニッチ手稿,https://ja.wikipedia.org/wiki/%E3%83%B4%E3%82%A9%E3%82%A4%E3%83%8B%E3%83%83%E3%83%81%E6%89%8B%E7%A8%BF
203,宇宙空間でのセックス,https://ja.wikipedia.org/wiki/%E5%AE%87%E5%AE%99%E7%A9%BA%E9%96%93%E3%81%A7%E3%81%AE%E3%82%BB%E3%83%83%E3%82%AF%E3%82%B9
204,エクストリーム・アイロニング,https://ja.wikipedia.org/wiki/%E3%82%A8%E3%82%AF%E3%82%B9%E3%83%88%E3%83%AA%E3%83%BC%E3%83%A0%E3%83%BB%E3%82%A2%E3%82%A4%E3%83%AD%E3%83%8B%E3%83%B3%E3%82%B0
205,エスコペターラ,https://ja.wikipedia.org/wiki/%E3%82%A8%E3%82%B9%E3%82%B3%E3%83%9A%E3%82%BF%E3%83%BC%E3%83%A9
206,エディ・ゲーデル,https://ja.wikipedia.org/wiki/%E3%82%A8%E3%83%87%E3%82%A3%E3%83%BB%E3%82%B2%E3%83%BC%E3%83%87%E3%83%AB
207,エビフリャー,https://ja.wikipedia.org/wiki/%E3%82%A8%E3%83%93%E3%83%95%E3%83%AA%E3%83%A3%E3%83%BC
208,エミュー戦争,https://ja.wikipedia.org/wiki/%E3%82%A8%E3%83%9F%E3%83%A5%E3%83%BC%E6%88%A6%E4%BA%89
209,エルデシュ数,https://ja.wikipedia.org/wiki/%E3%82%A8%E3%83%AB%E3%83%87%E3%82%B7%E3%83%A5%E6%95%B0
210,エンガチョ,https://ja.wikipedia.org/wiki/%E3%82%A8%E3%83%B3%E3%82%AC%E3%83%81%E3%83%A7
211,円周率は3,https://ja.wikipedia.org/wiki/%E5%86%86%E5%91%A8%E7%8E%87%E3%81%AF3
212,円周率1000000桁表,https://ja.wikipedia.org/wiki/%E5%86%86%E5%91%A8%E7%8E%871000000%E6%A1%81%E8%A1%A8
213,塩嶺御野立記念祭,https://ja.wikipedia.org/wiki/%E5%A1%A9%E5%B6%BA%E5%BE%A1%E9%87%8E%E7%AB%8B%E8%A8%98%E5%BF%B5%E7%A5%AD
214,お祈りメール,https://ja.wikipedia.org/wiki/%E3%81%8A%E7%A5%88%E3%82%8A%E3%83%A1%E3%83%BC%E3%83%AB
215,大蔵省による一般会計予算の語呂合わせ,https://ja.wikipedia.org/wiki/%E5%A4%A7%E8%94%B5%E7%9C%81%E3%81%AB%E3%82%88%E3%82%8B%E4%B8%80%E8%88%AC%E4%BC%9A%E8%A8%88%E4%BA%88%E7%AE%97%E3%81%AE%E8%AA%9E%E5%91%82%E5%90%88%E3%82%8F%E3%81%9B
216,オーストラリア 31-0 アメリカ領サモア,https://ja.wikipedia.org/wiki/%E3%82%AA%E3%83%BC%E3%82%B9%E3%83%88%E3%83%A9%E3%83%AA%E3%82%A2_31-0_%E3%82%A2%E3%83%A1%E3%83%AA%E3%82%AB%E9%A0%98%E3%82%B5%E3%83%A2%E3%82%A2
217,オカマ爆弾,https://ja.wikipedia.org/wiki/%E3%82%AA%E3%82%AB%E3%83%9E%E7%88%86%E5%BC%BE
218,奥様運び,https://ja.wikipedia.org/wiki/%E5%A5%A5%E6%A7%98%E9%81%8B%E3%81%B3
219,オットー (靴屋),https://ja.wikipedia.org/wiki/%E3%82%AA%E3%83%83%E3%83%88%E3%83%BC_(%E9%9D%B4%E5%B1%8B)
220,お姫様だっこ,https://ja.wikipedia.org/wiki/%E3%81%8A%E5%A7%AB%E6%A7%98%E3%81%A0%E3%81%A3%E3%81%93
221,「オブ・ザ・デッド」で終わる作品の一覧,https://ja.wikipedia.org/wiki/%E3%80%8C%E3%82%AA%E3%83%96%E3%83%BB%E3%82%B6%E3%83%BB%E3%83%87%E3%83%83%E3%83%89%E3%80%8D%E3%81%A7%E7%B5%82%E3%82%8F%E3%82%8B%E4%BD%9C%E5%93%81%E3%81%AE%E4%B8%80%E8%A6%A7
222,折田先生像,https://ja.wikipedia.org/wiki/%E6%8A%98%E7%94%B0%E5%85%88%E7%94%9F%E5%83%8F
223,俺の尻をなめろ,https://ja.wikipedia.org/wiki/%E4%BF%BA%E3%81%AE%E5%B0%BB%E3%82%92%E3%81%AA%E3%82%81%E3%82%8D
224,オンライン整数列大辞典,https://ja.wikipedia.org/wiki/%E3%82%AA%E3%83%B3%E3%83%A9%E3%82%A4%E3%83%B3%E6%95%B4%E6%95%B0%E5%88%97%E5%A4%A7%E8%BE%9E%E5%85%B8
225,カース・マルツゥ,https://ja.wikipedia.org/wiki/%E3%82%AB%E3%83%BC%E3%82%B9%E3%83%BB%E3%83%9E%E3%83%AB%E3%83%84%E3%82%A5
226,カードローナのブラ・フェンス,https://ja.wikipedia.org/wiki/%E3%82%AB%E3%83%BC%E3%83%89%E3%83%AD%E3%83%BC%E3%83%8A%E3%81%AE%E3%83%96%E3%83%A9%E3%83%BB%E3%83%95%E3%82%A7%E3%83%B3%E3%82%B9
227,カーネル・サンダースの呪い,https://ja.wikipedia.org/wiki/%E3%82%AB%E3%83%BC%E3%83%8D%E3%83%AB%E3%83%BB%E3%82%B5%E3%83%B3%E3%83%80%E3%83%BC%E3%82%B9%E3%81%AE%E5%91%AA%E3%81%84
228,怪奇版画男,https://ja.wikipedia.org/wiki/%E6%80%AA%E5%A5%87%E7%89%88%E7%94%BB%E7%94%B7
229,核ガンジー,https://ja.wikipedia.org/wiki/%E6%A0%B8%E3%82%AC%E3%83%B3%E3%82%B8%E3%83%BC
230,賢所乗御車,https://ja.wikipedia.org/wiki/%E8%B3%A2%E6%89%80%E4%B9%97%E5%BE%A1%E8%BB%8A
231,火星の人面岩,https://ja.wikipedia.org/wiki/%E7%81%AB%E6%98%9F%E3%81%AE%E4%BA%BA%E9%9D%A2%E5%B2%A9
232,金栗四三,https://ja.wikipedia.org/wiki/%E9%87%91%E6%A0%97%E5%9B%9B%E4%B8%89
233,金山神社 (川崎市),https://ja.wikipedia.org/wiki/%E9%87%91%E5%B1%B1%E7%A5%9E%E7%A4%BE_(%E5%B7%9D%E5%B4%8E%E5%B8%82)
234,カリビアンカップ1994予選 バルバドス対グレナダ,https://ja.wikipedia.org/wiki/%E3%82%AB%E3%83%AA%E3%83%93%E3%82%A2%E3%83%B3%E3%82%AB%E3%83%83%E3%83%971994%E4%BA%88%E9%81%B8_%E3%83%90%E3%83%AB%E3%83%90%E3%83%89%E3%82%B9%E5%AF%BE%E3%82%B0%E3%83%AC%E3%83%8A%E3%83%80
235,カリフォルニア島,https://ja.wikipedia.org/wiki/%E3%82%AB%E3%83%AA%E3%83%95%E3%82%A9%E3%83%AB%E3%83%8B%E3%82%A2%E5%B3%B6
236,カルロス・カイザー,https://ja.wikipedia.org/wiki/%E3%82%AB%E3%83%AB%E3%83%AD%E3%82%B9%E3%83%BB%E3%82%AB%E3%82%A4%E3%82%B6%E3%83%BC
237,カレーショップ志み津,https://ja.wikipedia.org/wiki/%E3%82%AB%E3%83%AC%E3%83%BC%E3%82%B7%E3%83%A7%E3%83%83%E3%83%97%E5%BF%97%E3%81%BF%E6%B4%A5
238,きさらぎ駅,https://ja.wikipedia.org/wiki/%E3%81%8D%E3%81%95%E3%82%89%E3%81%8E%E9%A7%85
239,寄付のお願い (ウィキペディア),https://ja.wikipedia.org/wiki/%E5%AF%84%E4%BB%98%E3%81%AE%E3%81%8A%E9%A1%98%E3%81%84_(%E3%82%A6%E3%82%A3%E3%82%AD%E3%83%9A%E3%83%87%E3%82%A3%E3%82%A2)
240,君は牛を二頭持っている,https://ja.wikipedia.org/wiki/%E5%90%9B%E3%81%AF%E7%89%9B%E3%82%92%E4%BA%8C%E9%A0%AD%E6%8C%81%E3%81%A3%E3%81%A6%E3%81%84%E3%82%8B
241,ギャズビー,https://ja.wikipedia.org/wiki/%E3%82%AE%E3%83%A3%E3%82%BA%E3%83%93%E3%83%BC
242,キャンディ・デスク,https://ja.wikipedia.org/wiki/%E3%82%AD%E3%83%A3%E3%83%B3%E3%83%87%E3%82%A3%E3%83%BB%E3%83%87%E3%82%B9%E3%82%AF
243,恐怖の大王,https://ja.wikipedia.org/wiki/%E6%81%90%E6%80%96%E3%81%AE%E5%A4%A7%E7%8E%8B
244,虚構記事,https://ja.wikipedia.org/wiki/%E8%99%9A%E6%A7%8B%E8%A8%98%E4%BA%8B
245,キルドーザー事件,https://ja.wikipedia.org/wiki/%E3%82%AD%E3%83%AB%E3%83%89%E3%83%BC%E3%82%B6%E3%83%BC%E4%BA%8B%E4%BB%B6
246,キルロイ参上,https://ja.wikipedia.org/wiki/%E3%82%AD%E3%83%AB%E3%83%AD%E3%82%A4%E5%8F%82%E4%B8%8A
247,旧暦2033年問題,https://ja.wikipedia.org/wiki/%E6%97%A7%E6%9A%A62033%E5%B9%B4%E5%95%8F%E9%A1%8C
248,くぁwせdrftgyふじこlp,https://ja.wikipedia.org/wiki/%E3%81%8F%E3%81%81w%E3%81%9Bdrftgy%E3%81%B5%E3%81%98%E3%81%93lp
249,鯨の爆発,https://ja.wikipedia.org/wiki/%E9%AF%A8%E3%81%AE%E7%88%86%E7%99%BA
250,首なし鶏マイク,https://ja.wikipedia.org/wiki/%E9%A6%96%E3%81%AA%E3%81%97%E9%B6%8F%E3%83%9E%E3%82%A4%E3%82%AF
251,熊沢寛道,https://ja.wikipedia.org/wiki/%E7%86%8A%E6%B2%A2%E5%AF%9B%E9%81%93
252,クロード・リットル,https://ja.wikipedia.org/wiki/%E3%82%AF%E3%83%AD%E3%83%BC%E3%83%89%E3%83%BB%E3%83%AA%E3%83%83%E3%83%88%E3%83%AB
253,クロラミン,https://ja.wikipedia.org/wiki/%E3%82%AF%E3%83%AD%E3%83%A9%E3%83%9F%E3%83%B3
254,携帯電話投げ,https://ja.wikipedia.org/wiki/%E6%90%BA%E5%B8%AF%E9%9B%BB%E8%A9%B1%E6%8A%95%E3%81%92
255,ケーキを食べればいいじゃない,https://ja.wikipedia.org/wiki/%E3%82%B1%E3%83%BC%E3%82%AD%E3%82%92%E9%A3%9F%E3%81%B9%E3%82%8C%E3%81%B0%E3%81%84%E3%81%84%E3%81%98%E3%82%83%E3%81%AA%E3%81%84
256,激おこぷんぷん丸,https://ja.wikipedia.org/wiki/%E6%BF%80%E3%81%8A%E3%81%93%E3%81%B7%E3%82%93%E3%81%B7%E3%82%93%E4%B8%B8
257,耕三寺,https://ja.wikipedia.org/wiki/%E8%80%95%E4%B8%89%E5%AF%BA
258,コーンフィールド・ボンバー,https://ja.wikipedia.org/wiki/%E3%82%B3%E3%83%BC%E3%83%B3%E3%83%95%E3%82%A3%E3%83%BC%E3%83%AB%E3%83%89%E3%83%BB%E3%83%9C%E3%83%B3%E3%83%90%E3%83%BC
259,国勢調査で宗教を「ジェダイ」と回答する動き,https://ja.wikipedia.org/wiki/%E5%9B%BD%E5%8B%A2%E8%AA%BF%E6%9F%BB%E3%81%A7%E5%AE%97%E6%95%99%E3%82%92%E3%80%8C%E3%82%B8%E3%82%A7%E3%83%80%E3%82%A4%E3%80%8D%E3%81%A8%E5%9B%9E%E7%AD%94%E3%81%99%E3%82%8B%E5%8B%95%E3%81%8D
260,国道339号,https://ja.wikipedia.org/wiki/%E5%9B%BD%E9%81%93339%E5%8F%B7
261,黒板をひっかく音,https://ja.wikipedia.org/wiki/%E9%BB%92%E6%9D%BF%E3%82%92%E3%81%B2%E3%81%A3%E3%81%8B%E3%81%8F%E9%9F%B3
262,ココナッツによる死,https://ja.wikipedia.org/wiki/%E3%82%B3%E3%82%B3%E3%83%8A%E3%83%83%E3%83%84%E3%81%AB%E3%82%88%E3%82%8B%E6%AD%BB
263,誤植,https://ja.wikipedia.org/wiki/%E8%AA%A4%E6%A4%8D
264,ゴダイヴァ夫人,https://ja.wikipedia.org/wiki/%E3%82%B4%E3%83%80%E3%82%A4%E3%83%B4%E3%82%A1%E5%A4%AB%E4%BA%BA
265,コピ・ルアク,https://ja.wikipedia.org/wiki/%E3%82%B3%E3%83%94%E3%83%BB%E3%83%AB%E3%82%A2%E3%82%AF
266,コレジャナイロボ,https://ja.wikipedia.org/wiki/%E3%82%B3%E3%83%AC%E3%82%B8%E3%83%A3%E3%83%8A%E3%82%A4%E3%83%AD%E3%83%9C
267,彩虹眷村,https://ja.wikipedia.org/wiki/%E5%BD%A9%E8%99%B9%E7%9C%B7%E6%9D%91
268,サウスウエスト航空,https://ja.wikipedia.org/wiki/%E3%82%B5%E3%82%A6%E3%82%B9%E3%82%A6%E3%82%A8%E3%82%B9%E3%83%88%E8%88%AA%E7%A9%BA
269,坂上田村麻呂黒人説,https://ja.wikipedia.org/wiki/%E5%9D%82%E4%B8%8A%E7%94%B0%E6%9D%91%E9%BA%BB%E5%91%82%E9%BB%92%E4%BA%BA%E8%AA%AC
270,ザ・ゲーム (ゲーム),https://ja.wikipedia.org/wiki/%E3%82%B6%E3%83%BB%E3%82%B2%E3%83%BC%E3%83%A0_(%E3%82%B2%E3%83%BC%E3%83%A0)
271,鮭の乱,https://ja.wikipedia.org/wiki/%E9%AE%AD%E3%81%AE%E4%B9%B1
272,サップ,https://ja.wikipedia.org/wiki/%E3%82%B5%E3%83%83%E3%83%97
273,サルの自撮り,https://ja.wikipedia.org/wiki/%E3%82%B5%E3%83%AB%E3%81%AE%E8%87%AA%E6%92%AE%E3%82%8A
274,沢田マンション,https://ja.wikipedia.org/wiki/%E6%B2%A2%E7%94%B0%E3%83%9E%E3%83%B3%E3%82%B7%E3%83%A7%E3%83%B3
275,サンジェルマン伯爵,https://ja.wikipedia.org/wiki/%E3%82%B5%E3%83%B3%E3%82%B8%E3%82%A7%E3%83%AB%E3%83%9E%E3%83%B3%E4%BC%AF%E7%88%B5
276,サンチアゴ航空513便事件,https://ja.wikipedia.org/wiki/%E3%82%B5%E3%83%B3%E3%83%81%E3%82%A2%E3%82%B4%E8%88%AA%E7%A9%BA513%E4%BE%BF%E4%BA%8B%E4%BB%B6
277,三百三十五年戦争,https://ja.wikipedia.org/wiki/%E4%B8%89%E7%99%BE%E4%B8%89%E5%8D%81%E4%BA%94%E5%B9%B4%E6%88%A6%E4%BA%89
278,シーランド公国,https://ja.wikipedia.org/wiki/%E3%82%B7%E3%83%BC%E3%83%A9%E3%83%B3%E3%83%89%E5%85%AC%E5%9B%BD
279,シェイクスピア別人説,https://ja.wikipedia.org/wiki/%E3%82%B7%E3%82%A7%E3%82%A4%E3%82%AF%E3%82%B9%E3%83%94%E3%82%A2%E5%88%A5%E4%BA%BA%E8%AA%AC
280,シェー,https://ja.wikipedia.org/wiki/%E3%82%B7%E3%82%A7%E3%83%BC
281,ジェニー・ハニヴァー,https://ja.wikipedia.org/wiki/%E3%82%B8%E3%82%A7%E3%83%8B%E3%83%BC%E3%83%BB%E3%83%8F%E3%83%8B%E3%83%B4%E3%82%A1%E3%83%BC
282,シクロアワオドリン,https://ja.wikipedia.org/wiki/%E3%82%B7%E3%82%AF%E3%83%AD%E3%82%A2%E3%83%AF%E3%82%AA%E3%83%89%E3%83%AA%E3%83%B3
283,慈湖紀念雕塑公園,https://ja.wikipedia.org/wiki/%E6%85%88%E6%B9%96%E7%B4%80%E5%BF%B5%E9%9B%95%E5%A1%91%E5%85%AC%E5%9C%92
284,志布志町志布志,https://ja.wikipedia.org/wiki/%E5%BF%97%E5%B8%83%E5%BF%97%E7%94%BA%E5%BF%97%E5%B8%83%E5%BF%97
285,ジブリの呪い,https://ja.wikipedia.org/wiki/%E3%82%B8%E3%83%96%E3%83%AA%E3%81%AE%E5%91%AA%E3%81%84
286,島根にパソコンなんてあるわけないじゃん,https://ja.wikipedia.org/wiki/%E5%B3%B6%E6%A0%B9%E3%81%AB%E3%83%91%E3%82%BD%E3%82%B3%E3%83%B3%E3%81%AA%E3%82%93%E3%81%A6%E3%81%82%E3%82%8B%E3%82%8F%E3%81%91%E3%81%AA%E3%81%84%E3%81%98%E3%82%83%E3%82%93
287,ジミー・カーターウサギ事件,https://ja.wikipedia.org/wiki/%E3%82%B8%E3%83%9F%E3%83%BC%E3%83%BB%E3%82%AB%E3%83%BC%E3%82%BF%E3%83%BC%E3%82%A6%E3%82%B5%E3%82%AE%E4%BA%8B%E4%BB%B6
288,シュヴァリエ・デオン,https://ja.wikipedia.org/wiki/%E3%82%B7%E3%83%A5%E3%83%B4%E3%82%A1%E3%83%AA%E3%82%A8%E3%83%BB%E3%83%87%E3%82%AA%E3%83%B3
289,シュヴァルの理想宮,https://ja.wikipedia.org/wiki/%E3%82%B7%E3%83%A5%E3%83%B4%E3%82%A1%E3%83%AB%E3%81%AE%E7%90%86%E6%83%B3%E5%AE%AE
290,自由のフライ,https://ja.wikipedia.org/wiki/%E8%87%AA%E7%94%B1%E3%81%AE%E3%83%95%E3%83%A9%E3%82%A4
291,首相官邸ネズミ捕獲長,https://ja.wikipedia.org/wiki/%E9%A6%96%E7%9B%B8%E5%AE%98%E9%82%B8%E3%83%8D%E3%82%BA%E3%83%9F%E6%8D%95%E7%8D%B2%E9%95%B7
292,ジョシュア・ノートン,https://ja.wikipedia.org/wiki/%E3%82%B8%E3%83%A7%E3%82%B7%E3%83%A5%E3%82%A2%E3%83%BB%E3%83%8E%E3%83%BC%E3%83%88%E3%83%B3
293,ジョルジェ・マルティノヴィッチ事件,https://ja.wikipedia.org/wiki/%E3%82%B8%E3%83%A7%E3%83%AB%E3%82%B8%E3%82%A7%E3%83%BB%E3%83%9E%E3%83%AB%E3%83%86%E3%82%A3%E3%83%8E%E3%83%B4%E3%82%A3%E3%83%83%E3%83%81%E4%BA%8B%E4%BB%B6
294,新幹線運賃差額返還訴訟,https://ja.wikipedia.org/wiki/%E6%96%B0%E5%B9%B9%E7%B7%9A%E9%81%8B%E8%B3%83%E5%B7%AE%E9%A1%8D%E8%BF%94%E9%82%84%E8%A8%B4%E8%A8%9F
295,菅原橋交差点,https://ja.wikipedia.org/wiki/%E8%8F%85%E5%8E%9F%E6%A9%8B%E4%BA%A4%E5%B7%AE%E7%82%B9
296,スター・ウォーズ・キッド,https://ja.wikipedia.org/wiki/%E3%82%B9%E3%82%BF%E3%83%BC%E3%83%BB%E3%82%A6%E3%82%A9%E3%83%BC%E3%82%BA%E3%83%BB%E3%82%AD%E3%83%83%E3%83%89
297,スタージョンの法則,https://ja.wikipedia.org/wiki/%E3%82%B9%E3%82%BF%E3%83%BC%E3%82%B8%E3%83%A7%E3%83%B3%E3%81%AE%E6%B3%95%E5%89%87
298,スタッフが美味しくいただきました,https://ja.wikipedia.org/wiki/%E3%82%B9%E3%82%BF%E3%83%83%E3%83%95%E3%81%8C%E7%BE%8E%E5%91%B3%E3%81%97%E3%81%8F%E3%81%84%E3%81%9F%E3%81%A0%E3%81%8D%E3%81%BE%E3%81%97%E3%81%9F
299,スチュワート (DD-224),https://ja.wikipedia.org/wiki/%E3%82%B9%E3%83%81%E3%83%A5%E3%83%AF%E3%83%BC%E3%83%88_(DD-224)
300,ストライサンド効果,https://ja.wikipedia.org/wiki/%E3%82%B9%E3%83%88%E3%83%A9%E3%82%A4%E3%82%B5%E3%83%B3%E3%83%89%E5%8A%B9%E6%9E%9C
301,生命、宇宙、そして万物についての究極の疑問の答え,https://ja.wikipedia.org/wiki/%E7%94%9F%E5%91%BD%E3%80%81%E5%AE%87%E5%AE%99%E3%80%81%E3%81%9D%E3%81%97%E3%81%A6%E4%B8%87%E7%89%A9%E3%81%AB%E3%81%A4%E3%81%84%E3%81%A6%E3%81%AE%E7%A9%B6%E6%A5%B5%E3%81%AE%E7%96%91%E5%95%8F%E3%81%AE%E7%AD%94%E3%81%88
302,セイリッシュ海における人間の足の発見,https://ja.wikipedia.org/wiki/%E3%82%BB%E3%82%A4%E3%83%AA%E3%83%83%E3%82%B7%E3%83%A5%E6%B5%B7%E3%81%AB%E3%81%8A%E3%81%91%E3%82%8B%E4%BA%BA%E9%96%93%E3%81%AE%E8%B6%B3%E3%81%AE%E7%99%BA%E8%A6%8B
303,西暦10000年問題,https://ja.wikipedia.org/wiki/%E8%A5%BF%E6%9A%A610000%E5%B9%B4%E5%95%8F%E9%A1%8C
304,世界で一番笑えるジョーク,https://ja.wikipedia.org/wiki/%E4%B8%96%E7%95%8C%E3%81%A7%E4%B8%80%E7%95%AA%E7%AC%91%E3%81%88%E3%82%8B%E3%82%B8%E3%83%A7%E3%83%BC%E3%82%AF
305,関口駅,https://ja.wikipedia.org/wiki/%E9%96%A2%E5%8F%A3%E9%A7%85
306,ゼロ除算,https://ja.wikipedia.org/wiki/%E3%82%BC%E3%83%AD%E9%99%A4%E7%AE%97
307,仙台四郎,https://ja.wikipedia.org/wiki/%E4%BB%99%E5%8F%B0%E5%9B%9B%E9%83%8E
308,則天文字,https://ja.wikipedia.org/wiki/%E5%89%87%E5%A4%A9%E6%96%87%E5%AD%97
309,ソニータイマー,https://ja.wikipedia.org/wiki/%E3%82%BD%E3%83%8B%E3%83%BC%E3%82%BF%E3%82%A4%E3%83%9E%E3%83%BC
310,ソビエト (和歌山県),https://ja.wikipedia.org/wiki/%E3%82%BD%E3%83%93%E3%82%A8%E3%83%88_(%E5%92%8C%E6%AD%8C%E5%B1%B1%E7%9C%8C)
311,空飛ぶスパゲッティ・モンスター教,https://ja.wikipedia.org/wiki/%E7%A9%BA%E9%A3%9B%E3%81%B6%E3%82%B9%E3%83%91%E3%82%B2%E3%83%83%E3%83%86%E3%82%A3%E3%83%BB%E3%83%A2%E3%83%B3%E3%82%B9%E3%82%BF%E3%83%BC%E6%95%99
312,,https://ja.wikipedia.org/wiki/%E3%83%95%E3%82%A1%E3%82%A4%E3%83%AB:Taito_s.png
313,たいと,https://ja.wikipedia.org/wiki/%E3%81%9F%E3%81%84%E3%81%A8
314,大東島紙幣,https://ja.wikipedia.org/wiki/%E5%A4%A7%E6%9D%B1%E5%B3%B6%E7%B4%99%E5%B9%A3
315,武智丸,https://ja.wikipedia.org/wiki/%E6%AD%A6%E6%99%BA%E4%B8%B8
316,ダ埼玉,https://ja.wikipedia.org/wiki/%E3%83%80%E5%9F%BC%E7%8E%89
317,だし道楽,https://ja.wikipedia.org/wiki/%E3%81%A0%E3%81%97%E9%81%93%E6%A5%BD
318,タッパーの自己言及式,https://ja.wikipedia.org/wiki/%E3%82%BF%E3%83%83%E3%83%91%E3%83%BC%E3%81%AE%E8%87%AA%E5%B7%B1%E8%A8%80%E5%8F%8A%E5%BC%8F
319,たぬき・むじな事件,https://ja.wikipedia.org/wiki/%E3%81%9F%E3%81%AC%E3%81%8D%E3%83%BB%E3%82%80%E3%81%98%E3%81%AA%E4%BA%8B%E4%BB%B6
320,ダハラ・カグラバリ,https://ja.wikipedia.org/wiki/%E3%83%80%E3%83%8F%E3%83%A9%E3%83%BB%E3%82%AB%E3%82%B0%E3%83%A9%E3%83%90%E3%83%AA
321,たま (猫の駅長),https://ja.wikipedia.org/wiki/%E3%81%9F%E3%81%BE_(%E7%8C%AB%E3%81%AE%E9%A7%85%E9%95%B7)
322,男性の妊娠,https://ja.wikipedia.org/wiki/%E7%94%B7%E6%80%A7%E3%81%AE%E5%A6%8A%E5%A8%A0
323,チェスボクシング,https://ja.wikipedia.org/wiki/%E3%83%81%E3%82%A7%E3%82%B9%E3%83%9C%E3%82%AF%E3%82%B7%E3%83%B3%E3%82%B0
324,地球外の不動産,https://ja.wikipedia.org/wiki/%E5%9C%B0%E7%90%83%E5%A4%96%E3%81%AE%E4%B8%8D%E5%8B%95%E7%94%A3
325,遅刻する食パン少女,https://ja.wikipedia.org/wiki/%E9%81%85%E5%88%BB%E3%81%99%E3%82%8B%E9%A3%9F%E3%83%91%E3%83%B3%E5%B0%91%E5%A5%B3
326,鳥類キャリアによるIP,https://ja.wikipedia.org/wiki/%E9%B3%A5%E9%A1%9E%E3%82%AD%E3%83%A3%E3%83%AA%E3%82%A2%E3%81%AB%E3%82%88%E3%82%8BIP
327,チンコ坊主,https://ja.wikipedia.org/wiki/%E3%83%81%E3%83%B3%E3%82%B3%E5%9D%8A%E4%B8%BB
328,ツジモト・タロウ,https://ja.wikipedia.org/wiki/%E3%83%84%E3%82%B8%E3%83%A2%E3%83%88%E3%83%BB%E3%82%BF%E3%83%AD%E3%82%A6
329,土 (食材),https://ja.wikipedia.org/wiki/%E5%9C%9F_(%E9%A3%9F%E6%9D%90)
330,つるふさの法則,https://ja.wikipedia.org/wiki/%E3%81%A4%E3%82%8B%E3%81%B5%E3%81%95%E3%81%AE%E6%B3%95%E5%89%87
331,デイヴィッド・ハーン,https://ja.wikipedia.org/wiki/%E3%83%87%E3%82%A4%E3%83%B4%E3%82%A3%E3%83%83%E3%83%89%E3%83%BB%E3%83%8F%E3%83%BC%E3%83%B3
332,デスクリムゾン,https://ja.wikipedia.org/wiki/%E3%83%87%E3%82%B9%E3%82%AF%E3%83%AA%E3%83%A0%E3%82%BE%E3%83%B3
333,鉄道による糞尿輸送,https://ja.wikipedia.org/wiki/%E9%89%84%E9%81%93%E3%81%AB%E3%82%88%E3%82%8B%E7%B3%9E%E5%B0%BF%E8%BC%B8%E9%80%81
334,テネレの木,https://ja.wikipedia.org/wiki/%E3%83%86%E3%83%8D%E3%83%AC%E3%81%AE%E6%9C%A8
335,トイレ遺構,https://ja.wikipedia.org/wiki/%E3%83%88%E3%82%A4%E3%83%AC%E9%81%BA%E6%A7%8B
336,トイレットペーパーの向き,https://ja.wikipedia.org/wiki/%E3%83%88%E3%82%A4%E3%83%AC%E3%83%83%E3%83%88%E3%83%9A%E3%83%BC%E3%83%91%E3%83%BC%E3%81%AE%E5%90%91%E3%81%8D
337,冬季オリンピックの熱帯諸国,https://ja.wikipedia.org/wiki/%E5%86%AC%E5%AD%A3%E3%82%AA%E3%83%AA%E3%83%B3%E3%83%94%E3%83%83%E3%82%AF%E3%81%AE%E7%86%B1%E5%B8%AF%E8%AB%B8%E5%9B%BD
338,灯台と軍艦の都市伝説,https://ja.wikipedia.org/wiki/%E7%81%AF%E5%8F%B0%E3%81%A8%E8%BB%8D%E8%89%A6%E3%81%AE%E9%83%BD%E5%B8%82%E4%BC%9D%E8%AA%AC
339,動物の爆発,https://ja.wikipedia.org/wiki/%E5%8B%95%E7%89%A9%E3%81%AE%E7%88%86%E7%99%BA
340,トゥルース・オア・コンシクエンシーズ (ニューメキシコ州),https://ja.wikipedia.org/wiki/%E3%83%88%E3%82%A5%E3%83%AB%E3%83%BC%E3%82%B9%E3%83%BB%E3%82%AA%E3%82%A2%E3%83%BB%E3%82%B3%E3%83%B3%E3%82%B7%E3%82%AF%E3%82%A8%E3%83%B3%E3%82%B7%E3%83%BC%E3%82%BA_(%E3%83%8B%E3%83%A5%E3%83%BC%E3%83%A1%E3%82%AD%E3%82%B7%E3%82%B3%E5%B7%9E)
341,トースト・サンドイッチ,https://ja.wikipedia.org/wiki/%E3%83%88%E3%83%BC%E3%82%B9%E3%83%88%E3%83%BB%E3%82%B5%E3%83%B3%E3%83%89%E3%82%A4%E3%83%83%E3%83%81
342,徳川埋蔵金,https://ja.wikipedia.org/wiki/%E5%BE%B3%E5%B7%9D%E5%9F%8B%E8%94%B5%E9%87%91
343,栃木・群馬・埼玉の三県境,https://ja.wikipedia.org/wiki/%E6%A0%83%E6%9C%A8%E3%83%BB%E7%BE%A4%E9%A6%AC%E3%83%BB%E5%9F%BC%E7%8E%89%E3%81%AE%E4%B8%89%E7%9C%8C%E5%A2%83
344,ドナルドダック党,https://ja.wikipedia.org/wiki/%E3%83%89%E3%83%8A%E3%83%AB%E3%83%89%E3%83%80%E3%83%83%E3%82%AF%E5%85%9A
345,トマソン,https://ja.wikipedia.org/wiki/%E3%83%88%E3%83%9E%E3%82%BD%E3%83%B3
346,豊川信用金庫事件,https://ja.wikipedia.org/wiki/%E8%B1%8A%E5%B7%9D%E4%BF%A1%E7%94%A8%E9%87%91%E5%BA%AB%E4%BA%8B%E4%BB%B6
347,とりあえずビール,https://ja.wikipedia.org/wiki/%E3%81%A8%E3%82%8A%E3%81%82%E3%81%88%E3%81%9A%E3%83%93%E3%83%BC%E3%83%AB
348,鷲子山上神社,https://ja.wikipedia.org/wiki/%E9%B7%B2%E5%AD%90%E5%B1%B1%E4%B8%8A%E7%A5%9E%E7%A4%BE
349,トルコ人 (人形),https://ja.wikipedia.org/wiki/%E3%83%88%E3%83%AB%E3%82%B3%E4%BA%BA_(%E4%BA%BA%E5%BD%A2)
350,中ノ鳥島,https://ja.wikipedia.org/wiki/%E4%B8%AD%E3%83%8E%E9%B3%A5%E5%B3%B6
351,ナノプシャン,https://ja.wikipedia.org/wiki/%E3%83%8A%E3%83%8E%E3%83%97%E3%82%B7%E3%83%A3%E3%83%B3
352,南極の宗教,https://ja.wikipedia.org/wiki/%E5%8D%97%E6%A5%B5%E3%81%AE%E5%AE%97%E6%95%99
353,なんちゃっておじさん,https://ja.wikipedia.org/wiki/%E3%81%AA%E3%82%93%E3%81%A1%E3%82%83%E3%81%A3%E3%81%A6%E3%81%8A%E3%81%98%E3%81%95%E3%82%93
354,ニシンの戦い,https://ja.wikipedia.org/wiki/%E3%83%8B%E3%82%B7%E3%83%B3%E3%81%AE%E6%88%A6%E3%81%84
355,偽エチオピア皇帝事件,https://ja.wikipedia.org/wiki/%E5%81%BD%E3%82%A8%E3%83%81%E3%82%AA%E3%83%94%E3%82%A2%E7%9A%87%E5%B8%9D%E4%BA%8B%E4%BB%B6
356,日本ブレイク工業,https://ja.wikipedia.org/wiki/%E6%97%A5%E6%9C%AC%E3%83%96%E3%83%AC%E3%82%A4%E3%82%AF%E5%B7%A5%E6%A5%AD
357,ニルス・カタヤイネン,https://ja.wikipedia.org/wiki/%E3%83%8B%E3%83%AB%E3%82%B9%E3%83%BB%E3%82%AB%E3%82%BF%E3%83%A4%E3%82%A4%E3%83%8D%E3%83%B3
358,鶏が先か、卵が先か,https://ja.wikipedia.org/wiki/%E9%B6%8F%E3%81%8C%E5%85%88%E3%81%8B%E3%80%81%E5%8D%B5%E3%81%8C%E5%85%88%E3%81%8B
359,ヌートピア国際賛歌,https://ja.wikipedia.org/wiki/%E3%83%8C%E3%83%BC%E3%83%88%E3%83%94%E3%82%A2%E5%9B%BD%E9%9A%9B%E8%B3%9B%E6%AD%8C
360,盗めるアート展,https://ja.wikipedia.org/wiki/%E7%9B%97%E3%82%81%E3%82%8B%E3%82%A2%E3%83%BC%E3%83%88%E5%B1%95
361,濡れTシャツコンテスト,https://ja.wikipedia.org/wiki/%E6%BF%A1%E3%82%8CT%E3%82%B7%E3%83%A3%E3%83%84%E3%82%B3%E3%83%B3%E3%83%86%E3%82%B9%E3%83%88
362,猫オルガン,https://ja.wikipedia.org/wiki/%E7%8C%AB%E3%82%AA%E3%83%AB%E3%82%AC%E3%83%B3
363,子子子子子子子子子子子子,https://ja.wikipedia.org/wiki/%E5%AD%90%E5%AD%90%E5%AD%90%E5%AD%90%E5%AD%90%E5%AD%90%E5%AD%90%E5%AD%90%E5%AD%90%E5%AD%90%E5%AD%90%E5%AD%90
364,ネコひねり問題,https://ja.wikipedia.org/wiki/%E3%83%8D%E3%82%B3%E3%81%B2%E3%81%AD%E3%82%8A%E5%95%8F%E9%A1%8C
365,猫耳,https://ja.wikipedia.org/wiki/%E7%8C%AB%E8%80%B3
366,ノストラダムス (偽者),https://ja.wikipedia.org/wiki/%E3%83%8E%E3%82%B9%E3%83%88%E3%83%A9%E3%83%80%E3%83%A0%E3%82%B9_(%E5%81%BD%E8%80%85)
367,ノミのサーカス,https://ja.wikipedia.org/wiki/%E3%83%8E%E3%83%9F%E3%81%AE%E3%82%B5%E3%83%BC%E3%82%AB%E3%82%B9
368,バールレ＝ナッサウ,https://ja.wikipedia.org/wiki/%E3%83%90%E3%83%BC%E3%83%AB%E3%83%AC%EF%BC%9D%E3%83%8A%E3%83%83%E3%82%B5%E3%82%A6
369,ハイフン戦争,https://ja.wikipedia.org/wiki/%E3%83%8F%E3%82%A4%E3%83%95%E3%83%B3%E6%88%A6%E4%BA%89
370,ハイルブロンの怪人,https://ja.wikipedia.org/wiki/%E3%83%8F%E3%82%A4%E3%83%AB%E3%83%96%E3%83%AD%E3%83%B3%E3%81%AE%E6%80%AA%E4%BA%BA
371,パウリ効果,https://ja.wikipedia.org/wiki/%E3%83%91%E3%82%A6%E3%83%AA%E5%8A%B9%E6%9E%9C
372,パウル (タコ),https://ja.wikipedia.org/wiki/%E3%83%91%E3%82%A6%E3%83%AB_(%E3%82%BF%E3%82%B3)
373,馬鹿は風邪を引かない,https://ja.wikipedia.org/wiki/%E9%A6%AC%E9%B9%BF%E3%81%AF%E9%A2%A8%E9%82%AA%E3%82%92%E5%BC%95%E3%81%8B%E3%81%AA%E3%81%84
374,芳賀ゆい,https://ja.wikipedia.org/wiki/%E8%8A%B3%E8%B3%80%E3%82%86%E3%81%84
375,羽柴誠三秀吉,https://ja.wikipedia.org/wiki/%E7%BE%BD%E6%9F%B4%E8%AA%A0%E4%B8%89%E7%A7%80%E5%90%89
376,バター猫のパラドックス,https://ja.wikipedia.org/wiki/%E3%83%90%E3%82%BF%E3%83%BC%E7%8C%AB%E3%81%AE%E3%83%91%E3%83%A9%E3%83%89%E3%83%83%E3%82%AF%E3%82%B9
377,バチカンの地理,https://ja.wikipedia.org/wiki/%E3%83%90%E3%83%81%E3%82%AB%E3%83%B3%E3%81%AE%E5%9C%B0%E7%90%86
378,バッドアート美術館,https://ja.wikipedia.org/wiki/%E3%83%90%E3%83%83%E3%83%89%E3%82%A2%E3%83%BC%E3%83%88%E7%BE%8E%E8%A1%93%E9%A4%A8
379,バナッハ＝タルスキーのパラドックス,https://ja.wikipedia.org/wiki/%E3%83%90%E3%83%8A%E3%83%83%E3%83%8F%EF%BC%9D%E3%82%BF%E3%83%AB%E3%82%B9%E3%82%AD%E3%83%BC%E3%81%AE%E3%83%91%E3%83%A9%E3%83%89%E3%83%83%E3%82%AF%E3%82%B9
380,鼻ほじり,https://ja.wikipedia.org/wiki/%E9%BC%BB%E3%81%BB%E3%81%98%E3%82%8A
381,バ美肉,https://ja.wikipedia.org/wiki/%E3%83%90%E7%BE%8E%E8%82%89
382,パリ症候群,https://ja.wikipedia.org/wiki/%E3%83%91%E3%83%AA%E7%97%87%E5%80%99%E7%BE%A4
383,ハンガリー人宇宙人説,https://ja.wikipedia.org/wiki/%E3%83%8F%E3%83%B3%E3%82%AC%E3%83%AA%E3%83%BC%E4%BA%BA%E5%AE%87%E5%AE%99%E4%BA%BA%E8%AA%AC
384,万歳三唱令,https://ja.wikipedia.org/wiki/%E4%B8%87%E6%AD%B3%E4%B8%89%E5%94%B1%E4%BB%A4
385,パンジャンドラム,https://ja.wikipedia.org/wiki/%E3%83%91%E3%83%B3%E3%82%B8%E3%83%A3%E3%83%B3%E3%83%89%E3%83%A9%E3%83%A0
386,パンダ・ポルノ,https://ja.wikipedia.org/wiki/%E3%83%91%E3%83%B3%E3%83%80%E3%83%BB%E3%83%9D%E3%83%AB%E3%83%8E
387,パンツ一丁,https://ja.wikipedia.org/wiki/%E3%83%91%E3%83%B3%E3%83%84%E4%B8%80%E4%B8%81
388,万里の長城解体報道,https://ja.wikipedia.org/wiki/%E4%B8%87%E9%87%8C%E3%81%AE%E9%95%B7%E5%9F%8E%E8%A7%A3%E4%BD%93%E5%A0%B1%E9%81%93
389,ビアポン,https://ja.wikipedia.org/wiki/%E3%83%93%E3%82%A2%E3%83%9D%E3%83%B3
390,ビーレフェルトの陰謀,https://ja.wikipedia.org/wiki/%E3%83%93%E3%83%BC%E3%83%AC%E3%83%95%E3%82%A7%E3%83%AB%E3%83%88%E3%81%AE%E9%99%B0%E8%AC%80
391,ピエール・シュール・オート軍用無線局,https://ja.wikipedia.org/wiki/%E3%83%94%E3%82%A8%E3%83%BC%E3%83%AB%E3%83%BB%E3%82%B7%E3%83%A5%E3%83%BC%E3%83%AB%E3%83%BB%E3%82%AA%E3%83%BC%E3%83%88%E8%BB%8D%E7%94%A8%E7%84%A1%E7%B7%9A%E5%B1%80
392,非公式サッカー世界王者,https://ja.wikipedia.org/wiki/%E9%9D%9E%E5%85%AC%E5%BC%8F%E3%82%B5%E3%83%83%E3%82%AB%E3%83%BC%E4%B8%96%E7%95%8C%E7%8E%8B%E8%80%85
393,鼻行類,https://ja.wikipedia.org/wiki/%E9%BC%BB%E8%A1%8C%E9%A1%9E
394,日立マジックワンド,https://ja.wikipedia.org/wiki/%E6%97%A5%E7%AB%8B%E3%83%9E%E3%82%B8%E3%83%83%E3%82%AF%E3%83%AF%E3%83%B3%E3%83%89
395,ピッチドロップ実験,https://ja.wikipedia.org/wiki/%E3%83%94%E3%83%83%E3%83%81%E3%83%89%E3%83%AD%E3%83%83%E3%83%97%E5%AE%9F%E9%A8%93
396,ビデオゲームの墓場,https://ja.wikipedia.org/wiki/%E3%83%93%E3%83%87%E3%82%AA%E3%82%B2%E3%83%BC%E3%83%A0%E3%81%AE%E5%A2%93%E5%A0%B4
397,ヒト以外による選挙への立候補,https://ja.wikipedia.org/wiki/%E3%83%92%E3%83%88%E4%BB%A5%E5%A4%96%E3%81%AB%E3%82%88%E3%82%8B%E9%81%B8%E6%8C%99%E3%81%B8%E3%81%AE%E7%AB%8B%E5%80%99%E8%A3%9C
398,ヒト化マウス,https://ja.wikipedia.org/wiki/%E3%83%92%E3%83%88%E5%8C%96%E3%83%9E%E3%82%A6%E3%82%B9
399,ヒトに由来する生薬,https://ja.wikipedia.org/wiki/%E3%83%92%E3%83%88%E3%81%AB%E7%94%B1%E6%9D%A5%E3%81%99%E3%82%8B%E7%94%9F%E8%96%AC
400,ヒトラー女性化計画,https://ja.wikipedia.org/wiki/%E3%83%92%E3%83%88%E3%83%A9%E3%83%BC%E5%A5%B3%E6%80%A7%E5%8C%96%E8%A8%88%E7%94%BB
401,漂流郵便局,https://ja.wikipedia.org/wiki/%E6%BC%82%E6%B5%81%E9%83%B5%E4%BE%BF%E5%B1%80
402,琵琶湖の水止めたろか,https://ja.wikipedia.org/wiki/%E7%90%B5%E7%90%B6%E6%B9%96%E3%81%AE%E6%B0%B4%E6%AD%A2%E3%82%81%E3%81%9F%E3%82%8D%E3%81%8B
403,フィニアス・ゲージ,https://ja.wikipedia.org/wiki/%E3%83%95%E3%82%A3%E3%83%8B%E3%82%A2%E3%82%B9%E3%83%BB%E3%82%B2%E3%83%BC%E3%82%B8
404,フェルディナンデア,https://ja.wikipedia.org/wiki/%E3%83%95%E3%82%A7%E3%83%AB%E3%83%87%E3%82%A3%E3%83%8A%E3%83%B3%E3%83%87%E3%82%A2
405,武器軟膏,https://ja.wikipedia.org/wiki/%E6%AD%A6%E5%99%A8%E8%BB%9F%E8%86%8F
406,復員スーツ,https://ja.wikipedia.org/wiki/%E5%BE%A9%E5%93%A1%E3%82%B9%E3%83%BC%E3%83%84
407,フジエアー,https://ja.wikipedia.org/wiki/%E3%83%95%E3%82%B8%E3%82%A8%E3%82%A2%E3%83%BC
408,不浄負け,https://ja.wikipedia.org/wiki/%E4%B8%8D%E6%B5%84%E8%B2%A0%E3%81%91
409,プチプチつぶし,https://ja.wikipedia.org/wiki/%E3%83%97%E3%83%81%E3%83%97%E3%83%81%E3%81%A4%E3%81%B6%E3%81%97
410,不沈のサム,https://ja.wikipedia.org/wiki/%E4%B8%8D%E6%B2%88%E3%81%AE%E3%82%B5%E3%83%A0
411,フッキング (オーストリア),https://ja.wikipedia.org/wiki/%E3%83%95%E3%83%83%E3%82%AD%E3%83%B3%E3%82%B0_(%E3%82%AA%E3%83%BC%E3%82%B9%E3%83%88%E3%83%AA%E3%82%A2)
412,プラヴォ・ヤズディ,https://ja.wikipedia.org/wiki/%E3%83%97%E3%83%A9%E3%83%B4%E3%82%A9%E3%83%BB%E3%83%A4%E3%82%BA%E3%83%87%E3%82%A3
413,ブラウン運動にまつわる誤解,https://ja.wikipedia.org/wiki/%E3%83%96%E3%83%A9%E3%82%A6%E3%83%B3%E9%81%8B%E5%8B%95%E3%81%AB%E3%81%BE%E3%81%A4%E3%82%8F%E3%82%8B%E8%AA%A4%E8%A7%A3
414,プラダ・マーファ,https://ja.wikipedia.org/wiki/%E3%83%97%E3%83%A9%E3%83%80%E3%83%BB%E3%83%9E%E3%83%BC%E3%83%95%E3%82%A1
415,プリカッソ,https://ja.wikipedia.org/wiki/%E3%83%97%E3%83%AA%E3%82%AB%E3%83%83%E3%82%BD
416,ブルーピーコック,https://ja.wikipedia.org/wiki/%E3%83%96%E3%83%AB%E3%83%BC%E3%83%94%E3%83%BC%E3%82%B3%E3%83%83%E3%82%AF
417,フローレンス・フォスター・ジェンキンス,https://ja.wikipedia.org/wiki/%E3%83%95%E3%83%AD%E3%83%BC%E3%83%AC%E3%83%B3%E3%82%B9%E3%83%BB%E3%83%95%E3%82%A9%E3%82%B9%E3%82%BF%E3%83%BC%E3%83%BB%E3%82%B8%E3%82%A7%E3%83%B3%E3%82%AD%E3%83%B3%E3%82%B9
418,フローレンス・ヨール給水塔,https://ja.wikipedia.org/wiki/%E3%83%95%E3%83%AD%E3%83%BC%E3%83%AC%E3%83%B3%E3%82%B9%E3%83%BB%E3%83%A8%E3%83%BC%E3%83%AB%E7%B5%A6%E6%B0%B4%E5%A1%94
419,ベーコン・アイスクリーム,https://ja.wikipedia.org/wiki/%E3%83%99%E3%83%BC%E3%82%B3%E3%83%B3%E3%83%BB%E3%82%A2%E3%82%A4%E3%82%B9%E3%82%AF%E3%83%AA%E3%83%BC%E3%83%A0
420,ヘリコプター弦楽四重奏曲,https://ja.wikipedia.org/wiki/%E3%83%98%E3%83%AA%E3%82%B3%E3%83%97%E3%82%BF%E3%83%BC%E5%BC%A6%E6%A5%BD%E5%9B%9B%E9%87%8D%E5%A5%8F%E6%9B%B2
421,ペンゲー,https://ja.wikipedia.org/wiki/%E3%83%9A%E3%83%B3%E3%82%B2%E3%83%BC
422,ポー・トースター,https://ja.wikipedia.org/wiki/%E3%83%9D%E3%83%BC%E3%83%BB%E3%83%88%E3%83%BC%E3%82%B9%E3%82%BF%E3%83%BC
423,ボールドウィン・ストリート,https://ja.wikipedia.org/wiki/%E3%83%9C%E3%83%BC%E3%83%AB%E3%83%89%E3%82%A6%E3%82%A3%E3%83%B3%E3%83%BB%E3%82%B9%E3%83%88%E3%83%AA%E3%83%BC%E3%83%88
424,ボゴソート,https://ja.wikipedia.org/wiki/%E3%83%9C%E3%82%B4%E3%82%BD%E3%83%BC%E3%83%88
425,ボスが来た,https://ja.wikipedia.org/wiki/%E3%83%9C%E3%82%B9%E3%81%8C%E6%9D%A5%E3%81%9F
426,ボストン糖蜜災害,https://ja.wikipedia.org/wiki/%E3%83%9C%E3%82%B9%E3%83%88%E3%83%B3%E7%B3%96%E8%9C%9C%E7%81%BD%E5%AE%B3
427,ポテイトーズ,https://ja.wikipedia.org/wiki/%E3%83%9D%E3%83%86%E3%82%A4%E3%83%88%E3%83%BC%E3%82%BA
428,ほとんど整数,https://ja.wikipedia.org/wiki/%E3%81%BB%E3%81%A8%E3%82%93%E3%81%A9%E6%95%B4%E6%95%B0
429,ホボロ島,https://ja.wikipedia.org/wiki/%E3%83%9B%E3%83%9C%E3%83%AD%E5%B3%B6
430,マーハン・カリミ・ナセリ,https://ja.wikipedia.org/wiki/%E3%83%9E%E3%83%BC%E3%83%8F%E3%83%B3%E3%83%BB%E3%82%AB%E3%83%AA%E3%83%9F%E3%83%BB%E3%83%8A%E3%82%BB%E3%83%AA
431,賄征伐,https://ja.wikipedia.org/wiki/%E8%B3%84%E5%BE%81%E4%BC%90
432,枕投げ,https://ja.wikipedia.org/wiki/%E6%9E%95%E6%8A%95%E3%81%92
433,幻の本塁打一覧,https://ja.wikipedia.org/wiki/%E5%B9%BB%E3%81%AE%E6%9C%AC%E5%A1%81%E6%89%93%E4%B8%80%E8%A6%A7
434,マラドーナ教,https://ja.wikipedia.org/wiki/%E3%83%9E%E3%83%A9%E3%83%89%E3%83%BC%E3%83%8A%E6%95%99
435,マンガ肉,https://ja.wikipedia.org/wiki/%E3%83%9E%E3%83%B3%E3%82%AC%E8%82%89
436,ミシェル・ロティート,https://ja.wikipedia.org/wiki/%E3%83%9F%E3%82%B7%E3%82%A7%E3%83%AB%E3%83%BB%E3%83%AD%E3%83%86%E3%82%A3%E3%83%BC%E3%83%88
437,ミルウォール・ブリック,https://ja.wikipedia.org/wiki/%E3%83%9F%E3%83%AB%E3%82%A6%E3%82%A9%E3%83%BC%E3%83%AB%E3%83%BB%E3%83%96%E3%83%AA%E3%83%83%E3%82%AF
438,無限の猿定理,https://ja.wikipedia.org/wiki/%E7%84%A1%E9%99%90%E3%81%AE%E7%8C%BF%E5%AE%9A%E7%90%86
439,ムペンバ効果,https://ja.wikipedia.org/wiki/%E3%83%A0%E3%83%9A%E3%83%B3%E3%83%90%E5%8A%B9%E6%9E%9C
440,メソソーム,https://ja.wikipedia.org/wiki/%E3%83%A1%E3%82%BD%E3%82%BD%E3%83%BC%E3%83%A0
441,メタル・ウムラウト,https://ja.wikipedia.org/wiki/%E3%83%A1%E3%82%BF%E3%83%AB%E3%83%BB%E3%82%A6%E3%83%A0%E3%83%A9%E3%82%A6%E3%83%88
442,メトロポリス (イリノイ州),https://ja.wikipedia.org/wiki/%E3%83%A1%E3%83%88%E3%83%AD%E3%83%9D%E3%83%AA%E3%82%B9_(%E3%82%A4%E3%83%AA%E3%83%8E%E3%82%A4%E5%B7%9E)
443,木星・冥王星重力効果,https://ja.wikipedia.org/wiki/%E6%9C%A8%E6%98%9F%E3%83%BB%E5%86%A5%E7%8E%8B%E6%98%9F%E9%87%8D%E5%8A%9B%E5%8A%B9%E6%9E%9C
444,最も多くFUCKという言葉が使われた映画一覧,https://ja.wikipedia.org/wiki/%E6%9C%80%E3%82%82%E5%A4%9A%E3%81%8FFUCK%E3%81%A8%E3%81%84%E3%81%86%E8%A8%80%E8%91%89%E3%81%8C%E4%BD%BF%E3%82%8F%E3%82%8C%E3%81%9F%E6%98%A0%E7%94%BB%E4%B8%80%E8%A6%A7
445,本山原人,https://ja.wikipedia.org/wiki/%E6%9C%AC%E5%B1%B1%E5%8E%9F%E4%BA%BA
446,モノウィ (ネブラスカ州),https://ja.wikipedia.org/wiki/%E3%83%A2%E3%83%8E%E3%82%A6%E3%82%A3_(%E3%83%8D%E3%83%96%E3%83%A9%E3%82%B9%E3%82%AB%E5%B7%9E)
447,焼肉定食 (熟語),https://ja.wikipedia.org/wiki/%E7%84%BC%E8%82%89%E5%AE%9A%E9%A3%9F_(%E7%86%9F%E8%AA%9E)
448,野球害毒論,https://ja.wikipedia.org/wiki/%E9%87%8E%E7%90%83%E5%AE%B3%E6%AF%92%E8%AB%96
449,弥助,https://ja.wikipedia.org/wiki/%E5%BC%A5%E5%8A%A9
450,矢野切手,https://ja.wikipedia.org/wiki/%E7%9F%A2%E9%87%8E%E5%88%87%E6%89%8B
451,幽霊文字,https://ja.wikipedia.org/wiki/%E5%B9%BD%E9%9C%8A%E6%96%87%E5%AD%97
452,ユンガスの道,https://ja.wikipedia.org/wiki/%E3%83%A6%E3%83%B3%E3%82%AC%E3%82%B9%E3%81%AE%E9%81%93
453,酔っぱらいのマント,https://ja.wikipedia.org/wiki/%E9%85%94%E3%81%A3%E3%81%B1%E3%82%89%E3%81%84%E3%81%AE%E3%83%9E%E3%83%B3%E3%83%88
454,ヨハン・ゲオルク・アウグスト・ガレッティ,https://ja.wikipedia.org/wiki/%E3%83%A8%E3%83%8F%E3%83%B3%E3%83%BB%E3%82%B2%E3%82%AA%E3%83%AB%E3%82%AF%E3%83%BB%E3%82%A2%E3%82%A6%E3%82%B0%E3%82%B9%E3%83%88%E3%83%BB%E3%82%AC%E3%83%AC%E3%83%83%E3%83%86%E3%82%A3
455,ラリー・ソーン,https://ja.wikipedia.org/wiki/%E3%83%A9%E3%83%AA%E3%83%BC%E3%83%BB%E3%82%BD%E3%83%BC%E3%83%B3
456,ランテルヌ・ルージュ,https://ja.wikipedia.org/wiki/%E3%83%A9%E3%83%B3%E3%83%86%E3%83%AB%E3%83%8C%E3%83%BB%E3%83%AB%E3%83%BC%E3%82%B8%E3%83%A5
457,リオ・リコ,https://ja.wikipedia.org/wiki/%E3%83%AA%E3%82%AA%E3%83%BB%E3%83%AA%E3%82%B3
458,柳京ホテル,https://ja.wikipedia.org/wiki/%E6%9F%B3%E4%BA%AC%E3%83%9B%E3%83%86%E3%83%AB
459,レジェンズ・フットボール・リーグ,https://ja.wikipedia.org/wiki/%E3%83%AC%E3%82%B8%E3%82%A7%E3%83%B3%E3%82%BA%E3%83%BB%E3%83%95%E3%83%83%E3%83%88%E3%83%9C%E3%83%BC%E3%83%AB%E3%83%BB%E3%83%AA%E3%83%BC%E3%82%B0
460,列車便所,https://ja.wikipedia.org/wiki/%E5%88%97%E8%BB%8A%E4%BE%BF%E6%89%80
461,レディー・ガガの生肉ドレス,https://ja.wikipedia.org/wiki/%E3%83%AC%E3%83%87%E3%82%A3%E3%83%BC%E3%83%BB%E3%82%AC%E3%82%AC%E3%81%AE%E7%94%9F%E8%82%89%E3%83%89%E3%83%AC%E3%82%B9
462,レナード対ペプシコ事件,https://ja.wikipedia.org/wiki/%E3%83%AC%E3%83%8A%E3%83%BC%E3%83%89%E5%AF%BE%E3%83%9A%E3%83%97%E3%82%B7%E3%82%B3%E4%BA%8B%E4%BB%B6
463,六万五千五百三十七角形,https://ja.wikipedia.org/wiki/%E5%85%AD%E4%B8%87%E4%BA%94%E5%8D%83%E4%BA%94%E7%99%BE%E4%B8%89%E5%8D%81%E4%B8%83%E8%A7%92%E5%BD%A2
464,ワールド・ジャンプ・デー,https://ja.wikipedia.org/wiki/%E3%83%AF%E3%83%BC%E3%83%AB%E3%83%89%E3%83%BB%E3%82%B8%E3%83%A3%E3%83%B3%E3%83%97%E3%83%BB%E3%83%87%E3%83%BC
465,渡邊魁,https://ja.wikipedia.org/wiki/%E6%B8%A1%E9%82%8A%E9%AD%81
466,笑い死に,https://ja.wikipedia.org/wiki/%E7%AC%91%E3%81%84%E6%AD%BB%E3%81%AB
467,ワレワレハウチュウジンダ,https://ja.wikipedia.org/wiki/%E3%83%AF%E3%83%AC%E3%83%AF%E3%83%AC%E3%83%8F%E3%82%A6%E3%83%81%E3%83%A5%E3%82%A6%E3%82%B8%E3%83%B3%E3%83%80
468,11B-X-1371,https://ja.wikipedia.org/wiki/11B-X-1371
469,4分33秒,https://ja.wikipedia.org/wiki/4%E5%88%8633%E7%A7%92
470,52ヘルツの鯨,https://ja.wikipedia.org/wiki/52%E3%83%98%E3%83%AB%E3%83%84%E3%81%AE%E9%AF%A8
471,Brfxxccxxmnpcccclllmmnprxvclmnckssqlbb11116,https://ja.wikipedia.org/wiki/Brfxxccxxmnpcccclllmmnprxvclmnckssqlbb11116
472,Buffalo buffalo Buffalo buffalo buffalo buffalo Buffalo buffalo,https://ja.wikipedia.org/wiki/Buffalo_buffalo_Buffalo_buffalo_buffalo_buffalo_Buffalo_buffalo
473,DHMO,https://ja.wikipedia.org/wiki/DHMO
474,The dress,https://ja.wikipedia.org/wiki/The_dress
475,UVB-76,https://ja.wikipedia.org/wiki/UVB-76
476,アーグルトン,https://ja.wikipedia.org/wiki/%E3%82%A2%E3%83%BC%E3%82%B0%E3%83%AB%E3%83%88%E3%83%B3
477,秋田の聖母マリア,https://ja.wikipedia.org/wiki/%E7%A7%8B%E7%94%B0%E3%81%AE%E8%81%96%E6%AF%8D%E3%83%9E%E3%83%AA%E3%82%A2
478,アコースティック・キティー,https://ja.wikipedia.org/wiki/%E3%82%A2%E3%82%B3%E3%83%BC%E3%82%B9%E3%83%86%E3%82%A3%E3%83%83%E3%82%AF%E3%83%BB%E3%82%AD%E3%83%86%E3%82%A3%E3%83%BC
479,葦原金次郎,https://ja.wikipedia.org/wiki/%E8%91%A6%E5%8E%9F%E9%87%91%E6%AC%A1%E9%83%8E
480,アシュリタ・ファーマン,https://ja.wikipedia.org/wiki/%E3%82%A2%E3%82%B7%E3%83%A5%E3%83%AA%E3%82%BF%E3%83%BB%E3%83%95%E3%82%A1%E3%83%BC%E3%83%9E%E3%83%B3
481,アダム・ライナー,https://ja.wikipedia.org/wiki/%E3%82%A2%E3%83%80%E3%83%A0%E3%83%BB%E3%83%A9%E3%82%A4%E3%83%8A%E3%83%BC
482,アナタハンの女王事件,https://ja.wikipedia.org/wiki/%E3%82%A2%E3%83%8A%E3%82%BF%E3%83%8F%E3%83%B3%E3%81%AE%E5%A5%B3%E7%8E%8B%E4%BA%8B%E4%BB%B6
483,安楽死ジェットコースター,https://ja.wikipedia.org/wiki/%E5%AE%89%E6%A5%BD%E6%AD%BB%E3%82%B8%E3%82%A7%E3%83%83%E3%83%88%E3%82%B3%E3%83%BC%E3%82%B9%E3%82%BF%E3%83%BC
484,違法素数,https://ja.wikipedia.org/wiki/%E9%81%95%E6%B3%95%E7%B4%A0%E6%95%B0
485,イラクのお尋ね者トランプカード,https://ja.wikipedia.org/wiki/%E3%82%A4%E3%83%A9%E3%82%AF%E3%81%AE%E3%81%8A%E5%B0%8B%E3%81%AD%E8%80%85%E3%83%88%E3%83%A9%E3%83%B3%E3%83%97%E3%82%AB%E3%83%BC%E3%83%89
486,ウィリアム・ジェイムズ・サイディズ,https://ja.wikipedia.org/wiki/%E3%82%A6%E3%82%A3%E3%83%AA%E3%82%A2%E3%83%A0%E3%83%BB%E3%82%B8%E3%82%A7%E3%82%A4%E3%83%A0%E3%82%BA%E3%83%BB%E3%82%B5%E3%82%A4%E3%83%87%E3%82%A3%E3%82%BA
487,ウィンチェスター・ミステリー・ハウス,https://ja.wikipedia.org/wiki/%E3%82%A6%E3%82%A3%E3%83%B3%E3%83%81%E3%82%A7%E3%82%B9%E3%82%BF%E3%83%BC%E3%83%BB%E3%83%9F%E3%82%B9%E3%83%86%E3%83%AA%E3%83%BC%E3%83%BB%E3%83%8F%E3%82%A6%E3%82%B9
488,ウェルテル効果,https://ja.wikipedia.org/wiki/%E3%82%A6%E3%82%A7%E3%83%AB%E3%83%86%E3%83%AB%E5%8A%B9%E6%9E%9C
489,ヴォイテク (兵隊クマ),https://ja.wikipedia.org/wiki/%E3%83%B4%E3%82%A9%E3%82%A4%E3%83%86%E3%82%AF_(%E5%85%B5%E9%9A%8A%E3%82%AF%E3%83%9E)
490,ヴォイニッチ手稿,https://ja.wikipedia.org/wiki/%E3%83%B4%E3%82%A9%E3%82%A4%E3%83%8B%E3%83%83%E3%83%81%E6%89%8B%E7%A8%BF
491,エクストリーム・アイロニング,https://ja.wikipedia.org/wiki/%E3%82%A8%E3%82%AF%E3%82%B9%E3%83%88%E3%83%AA%E3%83%BC%E3%83%A0%E3%83%BB%E3%82%A2%E3%82%A4%E3%83%AD%E3%83%8B%E3%83%B3%E3%82%B0
492,エミュー戦争,https://ja.wikipedia.org/wiki/%E3%82%A8%E3%83%9F%E3%83%A5%E3%83%BC%E6%88%A6%E4%BA%89
493,長南年恵,https://ja.wikipedia.org/wiki/%E9%95%B7%E5%8D%97%E5%B9%B4%E6%81%B5
494,親殺しのパラドックス,https://ja.wikipedia.org/wiki/%E8%A6%AA%E6%AE%BA%E3%81%97%E3%81%AE%E3%83%91%E3%83%A9%E3%83%89%E3%83%83%E3%82%AF%E3%82%B9
495,賢所乗御車,https://ja.wikipedia.org/wiki/%E8%B3%A2%E6%89%80%E4%B9%97%E5%BE%A1%E8%BB%8A
496,カスパー・ハウザー,https://ja.wikipedia.org/wiki/%E3%82%AB%E3%82%B9%E3%83%91%E3%83%BC%E3%83%BB%E3%83%8F%E3%82%A6%E3%82%B6%E3%83%BC
497,火星の人面岩,https://ja.wikipedia.org/wiki/%E7%81%AB%E6%98%9F%E3%81%AE%E4%BA%BA%E9%9D%A2%E5%B2%A9
498,カリビアンカップ1994予選 バルバドス対グレナダ,https://ja.wikipedia.org/wiki/%E3%82%AB%E3%83%AA%E3%83%93%E3%82%A2%E3%83%B3%E3%82%AB%E3%83%83%E3%83%971994%E4%BA%88%E9%81%B8_%E3%83%90%E3%83%AB%E3%83%90%E3%83%89%E3%82%B9%E5%AF%BE%E3%82%B0%E3%83%AC%E3%83%8A%E3%83%80
499,キャロル・ディアリング号,https://ja.wikipedia.org/wiki/%E3%82%AD%E3%83%A3%E3%83%AD%E3%83%AB%E3%83%BB%E3%83%87%E3%82%A3%E3%82%A2%E3%83%AA%E3%83%B3%E3%82%B0%E5%8F%B7
500,ギュンター・ギヨーム,https://ja.wikipedia.org/wiki/%E3%82%AE%E3%83%A5%E3%83%B3%E3%82%BF%E3%83%BC%E3%83%BB%E3%82%AE%E3%83%A8%E3%83%BC%E3%83%A0
501,恐怖の大王,https://ja.wikipedia.org/wiki/%E6%81%90%E6%80%96%E3%81%AE%E5%A4%A7%E7%8E%8B
502,切り裂きジャック,https://ja.wikipedia.org/wiki/%E5%88%87%E3%82%8A%E8%A3%82%E3%81%8D%E3%82%B8%E3%83%A3%E3%83%83%E3%82%AF
503,キルロイ参上,https://ja.wikipedia.org/wiki/%E3%82%AD%E3%83%AB%E3%83%AD%E3%82%A4%E5%8F%82%E4%B8%8A
504,クサンティッペ,https://ja.wikipedia.org/wiki/%E3%82%AF%E3%82%B5%E3%83%B3%E3%83%86%E3%82%A3%E3%83%83%E3%83%9A
505,鯨の爆発,https://ja.wikipedia.org/wiki/%E9%AF%A8%E3%81%AE%E7%88%86%E7%99%BA
506,首なし鶏マイク,https://ja.wikipedia.org/wiki/%E9%A6%96%E3%81%AA%E3%81%97%E9%B6%8F%E3%83%9E%E3%82%A4%E3%82%AF
507,ケーララの赤い雨,https://ja.wikipedia.org/wiki/%E3%82%B1%E3%83%BC%E3%83%A9%E3%83%A9%E3%81%AE%E8%B5%A4%E3%81%84%E9%9B%A8
508,ゴイアニア被曝事故,https://ja.wikipedia.org/wiki/%E3%82%B4%E3%82%A4%E3%82%A2%E3%83%8B%E3%82%A2%E8%A2%AB%E6%9B%9D%E4%BA%8B%E6%95%85
509,国勢調査で宗教を「ジェダイ」と回答する動き,https://ja.wikipedia.org/wiki/%E5%9B%BD%E5%8B%A2%E8%AA%BF%E6%9F%BB%E3%81%A7%E5%AE%97%E6%95%99%E3%82%92%E3%80%8C%E3%82%B8%E3%82%A7%E3%83%80%E3%82%A4%E3%80%8D%E3%81%A8%E5%9B%9E%E7%AD%94%E3%81%99%E3%82%8B%E5%8B%95%E3%81%8D
510,ココナッツによる死,https://ja.wikipedia.org/wiki/%E3%82%B3%E3%82%B3%E3%83%8A%E3%83%83%E3%83%84%E3%81%AB%E3%82%88%E3%82%8B%E6%AD%BB
511,坂田山心中事件,https://ja.wikipedia.org/wiki/%E5%9D%82%E7%94%B0%E5%B1%B1%E5%BF%83%E4%B8%AD%E4%BA%8B%E4%BB%B6
512,坂上田村麻呂黒人説,https://ja.wikipedia.org/wiki/%E5%9D%82%E4%B8%8A%E7%94%B0%E6%9D%91%E9%BA%BB%E5%91%82%E9%BB%92%E4%BA%BA%E8%AA%AC
513,ザ・ゲーム (ゲーム),https://ja.wikipedia.org/wiki/%E3%82%B6%E3%83%BB%E3%82%B2%E3%83%BC%E3%83%A0_(%E3%82%B2%E3%83%BC%E3%83%A0)
514,サルの自撮り,https://ja.wikipedia.org/wiki/%E3%82%B5%E3%83%AB%E3%81%AE%E8%87%AA%E6%92%AE%E3%82%8A
515,三億円事件,https://ja.wikipedia.org/wiki/%E4%B8%89%E5%84%84%E5%86%86%E4%BA%8B%E4%BB%B6
516,三毛別羆事件,https://ja.wikipedia.org/wiki/%E4%B8%89%E6%AF%9B%E5%88%A5%E7%BE%86%E4%BA%8B%E4%BB%B6
517,サンジェルマン伯爵,https://ja.wikipedia.org/wiki/%E3%82%B5%E3%83%B3%E3%82%B8%E3%82%A7%E3%83%AB%E3%83%9E%E3%83%B3%E4%BC%AF%E7%88%B5
518,サンチアゴ航空513便事件,https://ja.wikipedia.org/wiki/%E3%82%B5%E3%83%B3%E3%83%81%E3%82%A2%E3%82%B4%E8%88%AA%E7%A9%BA513%E4%BE%BF%E4%BA%8B%E4%BB%B6
519,シェイクスピア別人説,https://ja.wikipedia.org/wiki/%E3%82%B7%E3%82%A7%E3%82%A4%E3%82%AF%E3%82%B9%E3%83%94%E3%82%A2%E5%88%A5%E4%BA%BA%E8%AA%AC
520,死体洗いのアルバイト,https://ja.wikipedia.org/wiki/%E6%AD%BB%E4%BD%93%E6%B4%97%E3%81%84%E3%81%AE%E3%82%A2%E3%83%AB%E3%83%90%E3%82%A4%E3%83%88
521,ジブリの呪い,https://ja.wikipedia.org/wiki/%E3%82%B8%E3%83%96%E3%83%AA%E3%81%AE%E5%91%AA%E3%81%84
522,ジミー・カーターウサギ事件,https://ja.wikipedia.org/wiki/%E3%82%B8%E3%83%9F%E3%83%BC%E3%83%BB%E3%82%AB%E3%83%BC%E3%82%BF%E3%83%BC%E3%82%A6%E3%82%B5%E3%82%AE%E4%BA%8B%E4%BB%B6
523,シミュレーション仮説,https://ja.wikipedia.org/wiki/%E3%82%B7%E3%83%9F%E3%83%A5%E3%83%AC%E3%83%BC%E3%82%B7%E3%83%A7%E3%83%B3%E4%BB%AE%E8%AA%AC
524,シモ・ヘイヘ,https://ja.wikipedia.org/wiki/%E3%82%B7%E3%83%A2%E3%83%BB%E3%83%98%E3%82%A4%E3%83%98
525,囚人のジレンマ,https://ja.wikipedia.org/wiki/%E5%9B%9A%E4%BA%BA%E3%81%AE%E3%82%B8%E3%83%AC%E3%83%B3%E3%83%9E
526,シュヴァリエ・デオン,https://ja.wikipedia.org/wiki/%E3%82%B7%E3%83%A5%E3%83%B4%E3%82%A1%E3%83%AA%E3%82%A8%E3%83%BB%E3%83%87%E3%82%AA%E3%83%B3
527,シュレーディンガーの猫,https://ja.wikipedia.org/wiki/%E3%82%B7%E3%83%A5%E3%83%AC%E3%83%BC%E3%83%87%E3%82%A3%E3%83%B3%E3%82%AC%E3%83%BC%E3%81%AE%E7%8C%AB
528,少年十字軍,https://ja.wikipedia.org/wiki/%E5%B0%91%E5%B9%B4%E5%8D%81%E5%AD%97%E8%BB%8D
529,ジョーンズタウン,https://ja.wikipedia.org/wiki/%E3%82%B8%E3%83%A7%E3%83%BC%E3%83%B3%E3%82%BA%E3%82%BF%E3%82%A6%E3%83%B3
530,ジョン・タイター,https://ja.wikipedia.org/wiki/%E3%82%B8%E3%83%A7%E3%83%B3%E3%83%BB%E3%82%BF%E3%82%A4%E3%82%BF%E3%83%BC
531,ジョン・フォン・ノイマン,https://ja.wikipedia.org/wiki/%E3%82%B8%E3%83%A7%E3%83%B3%E3%83%BB%E3%83%95%E3%82%A9%E3%83%B3%E3%83%BB%E3%83%8E%E3%82%A4%E3%83%9E%E3%83%B3
532,人体自然発火現象,https://ja.wikipedia.org/wiki/%E4%BA%BA%E4%BD%93%E8%87%AA%E7%84%B6%E7%99%BA%E7%81%AB%E7%8F%BE%E8%B1%A1
533,水槽の脳,https://ja.wikipedia.org/wiki/%E6%B0%B4%E6%A7%BD%E3%81%AE%E8%84%B3
534,ストライサンド効果,https://ja.wikipedia.org/wiki/%E3%82%B9%E3%83%88%E3%83%A9%E3%82%A4%E3%82%B5%E3%83%B3%E3%83%89%E5%8A%B9%E6%9E%9C
535,砂山のパラドックス,https://ja.wikipedia.org/wiki/%E7%A0%82%E5%B1%B1%E3%81%AE%E3%83%91%E3%83%A9%E3%83%89%E3%83%83%E3%82%AF%E3%82%B9
536,生命、宇宙、そして万物についての究極の疑問の答え,https://ja.wikipedia.org/wiki/%E7%94%9F%E5%91%BD%E3%80%81%E5%AE%87%E5%AE%99%E3%80%81%E3%81%9D%E3%81%97%E3%81%A6%E4%B8%87%E7%89%A9%E3%81%AB%E3%81%A4%E3%81%84%E3%81%A6%E3%81%AE%E7%A9%B6%E6%A5%B5%E3%81%AE%E7%96%91%E5%95%8F%E3%81%AE%E7%AD%94%E3%81%88
537,セイリッシュ海における人間の足の発見,https://ja.wikipedia.org/wiki/%E3%82%BB%E3%82%A4%E3%83%AA%E3%83%83%E3%82%B7%E3%83%A5%E6%B5%B7%E3%81%AB%E3%81%8A%E3%81%91%E3%82%8B%E4%BA%BA%E9%96%93%E3%81%AE%E8%B6%B3%E3%81%AE%E7%99%BA%E8%A6%8B
538,西暦10000年問題,https://ja.wikipedia.org/wiki/%E8%A5%BF%E6%9A%A610000%E5%B9%B4%E5%95%8F%E9%A1%8C
539,世界五分前仮説,https://ja.wikipedia.org/wiki/%E4%B8%96%E7%95%8C%E4%BA%94%E5%88%86%E5%89%8D%E4%BB%AE%E8%AA%AC
540,世界で一番笑えるジョーク,https://ja.wikipedia.org/wiki/%E4%B8%96%E7%95%8C%E3%81%A7%E4%B8%80%E7%95%AA%E7%AC%91%E3%81%88%E3%82%8B%E3%82%B8%E3%83%A7%E3%83%BC%E3%82%AF
541,セントラリア (ペンシルベニア州),https://ja.wikipedia.org/wiki/%E3%82%BB%E3%83%B3%E3%83%88%E3%83%A9%E3%83%AA%E3%82%A2_(%E3%83%9A%E3%83%B3%E3%82%B7%E3%83%AB%E3%83%99%E3%83%8B%E3%82%A2%E5%B7%9E)
542,全能の逆説,https://ja.wikipedia.org/wiki/%E5%85%A8%E8%83%BD%E3%81%AE%E9%80%86%E8%AA%AC
543,ゾウの足,https://ja.wikipedia.org/wiki/%E3%82%BE%E3%82%A6%E3%81%AE%E8%B6%B3
544,則天文字,https://ja.wikipedia.org/wiki/%E5%89%87%E5%A4%A9%E6%96%87%E5%AD%97
545,ソニータイマー,https://ja.wikipedia.org/wiki/%E3%82%BD%E3%83%8B%E3%83%BC%E3%82%BF%E3%82%A4%E3%83%9E%E3%83%BC
546,ソニー・ビーン,https://ja.wikipedia.org/wiki/%E3%82%BD%E3%83%8B%E3%83%BC%E3%83%BB%E3%83%93%E3%83%BC%E3%83%B3
547,空飛ぶスパゲッティ・モンスター教,https://ja.wikipedia.org/wiki/%E7%A9%BA%E9%A3%9B%E3%81%B6%E3%82%B9%E3%83%91%E3%82%B2%E3%83%83%E3%83%86%E3%82%A3%E3%83%BB%E3%83%A2%E3%83%B3%E3%82%B9%E3%82%BF%E3%83%BC%E6%95%99
548,ダーウィン賞,https://ja.wikipedia.org/wiki/%E3%83%80%E3%83%BC%E3%82%A6%E3%82%A3%E3%83%B3%E8%B3%9E
549,たいと,https://ja.wikipedia.org/wiki/%E3%81%9F%E3%81%84%E3%81%A8
550,タウマタファカタンギハンガコアウアウオタマテアポカイフェヌアキタナタフ,https://ja.wikipedia.org/wiki/%E3%82%BF%E3%82%A6%E3%83%9E%E3%82%BF%E3%83%95%E3%82%A1%E3%82%AB%E3%82%BF%E3%83%B3%E3%82%AE%E3%83%8F%E3%83%B3%E3%82%AC%E3%82%B3%E3%82%A2%E3%82%A6%E3%82%A2%E3%82%A6%E3%82%AA%E3%82%BF%E3%83%9E%E3%83%86%E3%82%A2%E3%83%9D%E3%82%AB%E3%82%A4%E3%83%95%E3%82%A7%E3%83%8C%E3%82%A2%E3%82%AD%E3%82%BF%E3%83%8A%E3%82%BF%E3%83%95
551,ダンシングマニア,https://ja.wikipedia.org/wiki/%E3%83%80%E3%83%B3%E3%82%B7%E3%83%B3%E3%82%B0%E3%83%9E%E3%83%8B%E3%82%A2
552,男性の妊娠,https://ja.wikipedia.org/wiki/%E7%94%B7%E6%80%A7%E3%81%AE%E5%A6%8A%E5%A8%A0
553,地球外の不動産,https://ja.wikipedia.org/wiki/%E5%9C%B0%E7%90%83%E5%A4%96%E3%81%AE%E4%B8%8D%E5%8B%95%E7%94%A3
554,ツングースカ大爆発,https://ja.wikipedia.org/wiki/%E3%83%84%E3%83%B3%E3%82%B0%E3%83%BC%E3%82%B9%E3%82%AB%E5%A4%A7%E7%88%86%E7%99%BA
555,ディアトロフ峠事件,https://ja.wikipedia.org/wiki/%E3%83%87%E3%82%A3%E3%82%A2%E3%83%88%E3%83%AD%E3%83%95%E5%B3%A0%E4%BA%8B%E4%BB%B6
556,デイヴィッド・ハーン,https://ja.wikipedia.org/wiki/%E3%83%87%E3%82%A4%E3%83%B4%E3%82%A3%E3%83%83%E3%83%89%E3%83%BB%E3%83%8F%E3%83%BC%E3%83%B3
557,鳥葬,https://ja.wikipedia.org/wiki/%E9%B3%A5%E8%91%AC
558,デーモン・コア,https://ja.wikipedia.org/wiki/%E3%83%87%E3%83%BC%E3%83%A2%E3%83%B3%E3%83%BB%E3%82%B3%E3%82%A2
559,テセウスの船,https://ja.wikipedia.org/wiki/%E3%83%86%E3%82%BB%E3%82%A6%E3%82%B9%E3%81%AE%E8%88%B9
560,テネレの木,https://ja.wikipedia.org/wiki/%E3%83%86%E3%83%8D%E3%83%AC%E3%81%AE%E6%9C%A8
561,トプシー (象),https://ja.wikipedia.org/wiki/%E3%83%88%E3%83%97%E3%82%B7%E3%83%BC_(%E8%B1%A1)
562,トマソン,https://ja.wikipedia.org/wiki/%E3%83%88%E3%83%9E%E3%82%BD%E3%83%B3
563,トロッコ問題,https://ja.wikipedia.org/wiki/%E3%83%88%E3%83%AD%E3%83%83%E3%82%B3%E5%95%8F%E9%A1%8C
564,トルコ人 (チェス),https://ja.wikipedia.org/wiki/%E3%83%88%E3%83%AB%E3%82%B3%E4%BA%BA_(%E3%83%81%E3%82%A7%E3%82%B9)
565,ナノプシャン,https://ja.wikipedia.org/wiki/%E3%83%8A%E3%83%8E%E3%83%97%E3%82%B7%E3%83%A3%E3%83%B3
566,南極の宗教,https://ja.wikipedia.org/wiki/%E5%8D%97%E6%A5%B5%E3%81%AE%E5%AE%97%E6%95%99
567,南極のニンゲン,https://ja.wikipedia.org/wiki/%E5%8D%97%E6%A5%B5%E3%81%AE%E3%83%8B%E3%83%B3%E3%82%B2%E3%83%B3
568,ニカラグア手話,https://ja.wikipedia.org/wiki/%E3%83%8B%E3%82%AB%E3%83%A9%E3%82%B0%E3%82%A2%E6%89%8B%E8%A9%B1
569,偽エチオピア皇帝事件,https://ja.wikipedia.org/wiki/%E5%81%BD%E3%82%A8%E3%83%81%E3%82%AA%E3%83%94%E3%82%A2%E7%9A%87%E5%B8%9D%E4%BA%8B%E4%BB%B6
570,鶏が先か、卵が先か,https://ja.wikipedia.org/wiki/%E9%B6%8F%E3%81%8C%E5%85%88%E3%81%8B%E3%80%81%E5%8D%B5%E3%81%8C%E5%85%88%E3%81%8B
571,猫オルガン,https://ja.wikipedia.org/wiki/%E7%8C%AB%E3%82%AA%E3%83%AB%E3%82%AC%E3%83%B3
572,ネコひねり問題,https://ja.wikipedia.org/wiki/%E3%83%8D%E3%82%B3%E3%81%B2%E3%81%AD%E3%82%8A%E5%95%8F%E9%A1%8C
573,ハイルブロンの怪人,https://ja.wikipedia.org/wiki/%E3%83%8F%E3%82%A4%E3%83%AB%E3%83%96%E3%83%AD%E3%83%B3%E3%81%AE%E6%80%AA%E4%BA%BA
574,パウル (タコ),https://ja.wikipedia.org/wiki/%E3%83%91%E3%82%A6%E3%83%AB_(%E3%82%BF%E3%82%B3)
575,バズビーズチェア,https://ja.wikipedia.org/wiki/%E3%83%90%E3%82%BA%E3%83%93%E3%83%BC%E3%82%BA%E3%83%81%E3%82%A7%E3%82%A2
576,バター猫のパラドックス,https://ja.wikipedia.org/wiki/%E3%83%90%E3%82%BF%E3%83%BC%E7%8C%AB%E3%81%AE%E3%83%91%E3%83%A9%E3%83%89%E3%83%83%E3%82%AF%E3%82%B9
577,バッドアート美術館,https://ja.wikipedia.org/wiki/%E3%83%90%E3%83%83%E3%83%89%E3%82%A2%E3%83%BC%E3%83%88%E7%BE%8E%E8%A1%93%E9%A4%A8
578,バナッハ＝タルスキーのパラドックス,https://ja.wikipedia.org/wiki/%E3%83%90%E3%83%8A%E3%83%83%E3%83%8F%EF%BC%9D%E3%82%BF%E3%83%AB%E3%82%B9%E3%82%AD%E3%83%BC%E3%81%AE%E3%83%91%E3%83%A9%E3%83%89%E3%83%83%E3%82%AF%E3%82%B9
579,バミューダトライアングル,https://ja.wikipedia.org/wiki/%E3%83%90%E3%83%9F%E3%83%A5%E3%83%BC%E3%83%80%E3%83%88%E3%83%A9%E3%82%A4%E3%82%A2%E3%83%B3%E3%82%B0%E3%83%AB
580,パリ症候群,https://ja.wikipedia.org/wiki/%E3%83%91%E3%83%AA%E7%97%87%E5%80%99%E7%BE%A4
581,ハンス・ウルリッヒ・ルーデル,https://ja.wikipedia.org/wiki/%E3%83%8F%E3%83%B3%E3%82%B9%E3%83%BB%E3%82%A6%E3%83%AB%E3%83%AA%E3%83%83%E3%83%92%E3%83%BB%E3%83%AB%E3%83%BC%E3%83%87%E3%83%AB
582,パンダ・ポルノ,https://ja.wikipedia.org/wiki/%E3%83%91%E3%83%B3%E3%83%80%E3%83%BB%E3%83%9D%E3%83%AB%E3%83%8E
583,ビデオゲームの墓場,https://ja.wikipedia.org/wiki/%E3%83%93%E3%83%87%E3%82%AA%E3%82%B2%E3%83%BC%E3%83%A0%E3%81%AE%E5%A2%93%E5%A0%B4
584,ヒト以外による選挙への立候補,https://ja.wikipedia.org/wiki/%E3%83%92%E3%83%88%E4%BB%A5%E5%A4%96%E3%81%AB%E3%82%88%E3%82%8B%E9%81%B8%E6%8C%99%E3%81%B8%E3%81%AE%E7%AB%8B%E5%80%99%E8%A3%9C
585,ヒトラー女性化計画,https://ja.wikipedia.org/wiki/%E3%83%92%E3%83%88%E3%83%A9%E3%83%BC%E5%A5%B3%E6%80%A7%E5%8C%96%E8%A8%88%E7%94%BB
586,ファティマの聖母,https://ja.wikipedia.org/wiki/%E3%83%95%E3%82%A1%E3%83%86%E3%82%A3%E3%83%9E%E3%81%AE%E8%81%96%E6%AF%8D
587,ブーバ/キキ効果,https://ja.wikipedia.org/wiki/%E3%83%96%E3%83%BC%E3%83%90/%E3%82%AD%E3%82%AD%E5%8A%B9%E6%9E%9C
588,フー・ファイター,https://ja.wikipedia.org/wiki/%E3%83%95%E3%83%BC%E3%83%BB%E3%83%95%E3%82%A1%E3%82%A4%E3%82%BF%E3%83%BC
589,フェルマーの最終定理,https://ja.wikipedia.org/wiki/%E3%83%95%E3%82%A7%E3%83%AB%E3%83%9E%E3%83%BC%E3%81%AE%E6%9C%80%E7%B5%82%E5%AE%9A%E7%90%86
590,武器軟膏,https://ja.wikipedia.org/wiki/%E6%AD%A6%E5%99%A8%E8%BB%9F%E8%86%8F
591,フリーメイソン,https://ja.wikipedia.org/wiki/%E3%83%95%E3%83%AA%E3%83%BC%E3%83%A1%E3%82%A4%E3%82%BD%E3%83%B3
592,ブループ,https://ja.wikipedia.org/wiki/%E3%83%96%E3%83%AB%E3%83%BC%E3%83%97
593,フローレンス・フォスター・ジェンキンス,https://ja.wikipedia.org/wiki/%E3%83%95%E3%83%AD%E3%83%BC%E3%83%AC%E3%83%B3%E3%82%B9%E3%83%BB%E3%83%95%E3%82%A9%E3%82%B9%E3%82%BF%E3%83%BC%E3%83%BB%E3%82%B8%E3%82%A7%E3%83%B3%E3%82%AD%E3%83%B3%E3%82%B9
594,ヘヴンズ・ゲート (宗教団体),https://ja.wikipedia.org/wiki/%E3%83%98%E3%83%B4%E3%83%B3%E3%82%BA%E3%83%BB%E3%82%B2%E3%83%BC%E3%83%88_(%E5%AE%97%E6%95%99%E5%9B%A3%E4%BD%93)
595,ペスト医師,https://ja.wikipedia.org/wiki/%E3%83%9A%E3%82%B9%E3%83%88%E5%8C%BB%E5%B8%AB
596,ベルメスの顔,https://ja.wikipedia.org/wiki/%E3%83%99%E3%83%AB%E3%83%A1%E3%82%B9%E3%81%AE%E9%A1%94
597,ヘンペルのカラス,https://ja.wikipedia.org/wiki/%E3%83%98%E3%83%B3%E3%83%9A%E3%83%AB%E3%81%AE%E3%82%AB%E3%83%A9%E3%82%B9
598,ポー・トースター,https://ja.wikipedia.org/wiki/%E3%83%9D%E3%83%BC%E3%83%BB%E3%83%88%E3%83%BC%E3%82%B9%E3%82%BF%E3%83%BC
599,ボールドウィン・ストリート,https://ja.wikipedia.org/wiki/%E3%83%9C%E3%83%BC%E3%83%AB%E3%83%89%E3%82%A6%E3%82%A3%E3%83%B3%E3%83%BB%E3%82%B9%E3%83%88%E3%83%AA%E3%83%BC%E3%83%88
600,ボストン糖蜜災害,https://ja.wikipedia.org/wiki/%E3%83%9C%E3%82%B9%E3%83%88%E3%83%B3%E7%B3%96%E8%9C%9C%E7%81%BD%E5%AE%B3
601,マーハン・カリミ・ナセリ,https://ja.wikipedia.org/wiki/%E3%83%9E%E3%83%BC%E3%83%8F%E3%83%B3%E3%83%BB%E3%82%AB%E3%83%AA%E3%83%9F%E3%83%BB%E3%83%8A%E3%82%BB%E3%83%AA
602,マックス・ヘッドルーム事件,https://ja.wikipedia.org/wiki/%E3%83%9E%E3%83%83%E3%82%AF%E3%82%B9%E3%83%BB%E3%83%98%E3%83%83%E3%83%89%E3%83%AB%E3%83%BC%E3%83%A0%E4%BA%8B%E4%BB%B6
603,マクドナルド・コーヒー事件,https://ja.wikipedia.org/wiki/%E3%83%9E%E3%82%AF%E3%83%89%E3%83%8A%E3%83%AB%E3%83%89%E3%83%BB%E3%82%B3%E3%83%BC%E3%83%92%E3%83%BC%E4%BA%8B%E4%BB%B6
604,マラドーナ教,https://ja.wikipedia.org/wiki/%E3%83%9E%E3%83%A9%E3%83%89%E3%83%BC%E3%83%8A%E6%95%99
605,見えざるピンクのユニコーン,https://ja.wikipedia.org/wiki/%E8%A6%8B%E3%81%88%E3%81%96%E3%82%8B%E3%83%94%E3%83%B3%E3%82%AF%E3%81%AE%E3%83%A6%E3%83%8B%E3%82%B3%E3%83%BC%E3%83%B3
606,見るなのタブー,https://ja.wikipedia.org/wiki/%E8%A6%8B%E3%82%8B%E3%81%AA%E3%81%AE%E3%82%BF%E3%83%96%E3%83%BC
607,無限の猿定理,https://ja.wikipedia.org/wiki/%E7%84%A1%E9%99%90%E3%81%AE%E7%8C%BF%E5%AE%9A%E7%90%86
608,メアリー・セレスト,https://ja.wikipedia.org/wiki/%E3%83%A1%E3%82%A2%E3%83%AA%E3%83%BC%E3%83%BB%E3%82%BB%E3%83%AC%E3%82%B9%E3%83%88
609,メアリーの部屋,https://ja.wikipedia.org/wiki/%E3%83%A1%E3%82%A2%E3%83%AA%E3%83%BC%E3%81%AE%E9%83%A8%E5%B1%8B
610,モンティ・ホール問題,https://ja.wikipedia.org/wiki/%E3%83%A2%E3%83%B3%E3%83%86%E3%82%A3%E3%83%BB%E3%83%9B%E3%83%BC%E3%83%AB%E5%95%8F%E9%A1%8C
611,幽霊文字,https://ja.wikipedia.org/wiki/%E5%B9%BD%E9%9C%8A%E6%96%87%E5%AD%97
612,ユンガスの道,https://ja.wikipedia.org/wiki/%E3%83%A6%E3%83%B3%E3%82%AC%E3%82%B9%E3%81%AE%E9%81%93
613,酔っぱらいのマント,https://ja.wikipedia.org/wiki/%E9%85%94%E3%81%A3%E3%81%B1%E3%82%89%E3%81%84%E3%81%AE%E3%83%9E%E3%83%B3%E3%83%88
614,ラザロ徴候,https://ja.wikipedia.org/wiki/%E3%83%A9%E3%82%B6%E3%83%AD%E5%BE%B4%E5%80%99
615,六万五千五百三十七角形,https://ja.wikipedia.org/wiki/%E5%85%AD%E4%B8%87%E4%BA%94%E5%8D%83%E4%BA%94%E7%99%BE%E4%B8%89%E5%8D%81%E4%B8%83%E8%A7%92%E5%BD%A2
616,笑い死に,https://ja.wikipedia.org/wiki/%E7%AC%91%E3%81%84%E6%AD%BB%E3%81%AB
617,ワールド・ジャンプ・デー,https://ja.wikipedia.org/wiki/%E3%83%AF%E3%83%BC%E3%83%AB%E3%83%89%E3%83%BB%E3%82%B8%E3%83%A3%E3%83%B3%E3%83%97%E3%83%BB%E3%83%87%E3%83%BC
